region name,2011,2010,2009,2008,2007,2006,2005,2004,2003,2002,2001,2000
QMCWOUFOZQ,,,,,,1222.4219768031126,,,1182.568790721245,,,
RPTPLPWQHI,1136.9180229386748,1117.1262206448073,,1077.5426160570723,,,,998.3754068816024,,958.7918022938675,,919.2081977061325
NBYBCOCLEH,,1049.1505511358846,,,,,,,,,918.0,903.4277165404573
TMAANZQZWC,1415.1812352929992,,,1360.5268647050993,,,,1287.6543705878998,1269.4362470585997,,1233.0,1214.7818764707001
KBYDEGGVXZ,4054.432799406344,4037.78951946571,,,,3971.216399703172,,,,3904.6432799406343,,
PDTDMCCBFY,752.2232420096623,,745.3785936077298,,738.5339452057973,735.1116210048311,,,,721.4223242009663,,714.5776757990337
HVRIRHHYYH,,1049.8803743980184,,,,,,,,,,930.0132917335535
KOMLLXZTIX,829.2274043984817,,,,,,,,,,802.0,799.2772595601518
HFERSFEGFJ,1066.0017235125226,1046.1015511612704,,,986.4010341075136,966.5008617562613,946.600689405009,,,,,847.0998276487477
HVXGCXBNCJ,1390.2547000255238,,,,,,1274.9018800102094,,1236.4509400051047,1217.2254700025524,1198.0,
XKPFZWUQTE,,1002.505619108543,1001.8938836520382,,,,,,,,997.0,
GEJXXEKDRI,916.5121794749114,,899.609743579929,,,,865.8048717899645,857.3536538424734,,,,
GFRCGEKLIU,,,,1301.0717083555717,1287.6328928762043,,,,,,,
DREPHUHEIM,720.0020791682583,,,,,690.5010395841292,,,,,,655.0997920831742
UZEHTPROFQ,,,,,947.3097451907578,,,,897.7699150635859,885.384957531793,,
ZZZQOFKWDC,1031.541878427065,1018.4876905843586,,,,,,940.1625635281196,,914.0541878427065,,
CXCUCNGNDN,795.0699740903577,,778.2559792722861,769.8489818632504,,753.0349870451789,,,727.8139948180716,,711.0,702.5930025909643
UUTXVWERES,,,781.9644894284572,763.2189282499,,,,,669.4911223571144,,,
IXBNWPOQHC,1003.6407399324054,1003.2766659391649,,,,1001.8203699662027,,1001.0922219797217,,1000.3640739932406,,999.6359260067594
PAJLJTOEGC,,1221.4897039995526,,1204.2697697774297,1195.6598026663683,1187.049835555307,1178.4398684442456,,,1152.6099671110615,1144.0,
BQXYVAKRXR,,,,,,,,,,,,
ZHGMQGQJAD,,,,1084.4028255816622,,,,,,,,
UGHAGYYGUN,,,,,1065.0480326551312,,,1060.5240163275657,,,,
ROLAOUGLMM,,,664.4189224514088,,,,662.2094612257044,661.6570959192783,661.1047306128522,,,
OCQIMVQJHB,1007.1902847487243,997.0712562738519,,,,956.5951423743621,946.4761138994897,,,,,895.8809715251276
RYXBGJLHDE,,,1063.4884418560646,1056.8023866240565,,,,,1023.3721104640161,,,1003.313944767992
YFBNVLWEWW,,,1105.9978877133208,,,,1101.4989438566604,,,1098.124735964165,,
GFTCYOXTHB,,,1087.7913787863242,1080.5674564380338,1073.3435340897433,,,,,1037.2239223482904,1030.0,1022.7760776517094
MKICACTYGP,,,,,,,,,834.9245543032404,,,800.5377228483799
VLMQFMGYJJ,998.6855972579841,,,,,,960.4742389031936,,,941.3685597257984,935.0,928.6314402742016
YZTNCWDJPI,,,,,,,,860.9749327330561,,,,
JKUSOCQKDM,862.8194889356624,,,,,,,,,857.5819488935663,,
VVWHWHLNHR,,,,,,,,,,,,
EHJKMCUZHC,,,,1294.0107931748316,,,,,1216.1459409070947,1200.5729704535474,1185.0,1169.4270295464526
AGZIRBXRBF,834.7893619502518,,,,,,,,,830.4789361950252,,
KSRUDQBQRE,,718.2955385425817,712.040478704517,,,,687.0202393522585,,,668.2550598380647,662.0,
BTIBLYYVJR,,,,,,567.9699161346043,556.9759329076835,,,,,
LBSRTEIOIQ,,,978.6303124096626,960.1765233584547,941.7227343072469,,,,867.9075781024156,849.4537890512078,,812.5462109487922
RHZNPKNNUR,,,767.1940062315233,752.6697554525829,,723.621253894702,,,680.0485015578809,665.5242507789404,651.0,
KZHDIBEYUT,,,891.3568152232144,,,,869.6784076116072,,,,848.0,842.5803980970982
OQSNMVQRKE,,986.9975308147516,,962.331412855918,,937.6652948970842,925.3322359176674,912.9991769382506,900.6661179588336,,,863.6669410205832
RVRCLMUOXR,,,,,,,,,,,,
TPVSFKFATH,,1244.012196560653,,1208.0094862138412,1190.0081310404353,1172.0067758670293,,,1118.0027103468117,,,
WQQYYWBUBK,,,,,,,919.3165233273875,904.2373924955406,889.1582616636938,,859.0,
AMSMXVRUWT,,,,,817.68320166622,,,782.8416008331101,,,,
LBRLABOLEX,981.5102532240961,979.0592279016865,,974.1571772568673,,969.2551266120481,,,961.9020506448193,959.4510253224096,957.0,954.5489746775904
IGEHTCUXQC,,,,,,,,,902.8667930095033,,,
NINSKQVVBD,1010.4905391183806,,976.5924312947045,,942.6943234710284,,,891.8471617355142,,857.9490539118381,,824.0509460881619
UIZTRBUCDY,,,,,,,,,,,,
ZRRXAJXRIQ,,,1052.710243007163,,,,,,,,994.0,
NOLJUZCBHQ,,,,,,,,,,,725.0,
WPBTAMWLIN,1177.448624562489,,,1148.8140371937423,,,1120.1794498249956,,,,,
SPEJJTMCNH,,,,,888.2487042924068,,,843.6243521462034,,,,
EMAIGWMBEC,1019.3557711621179,1002.9201940459061,,,,937.177885581059,920.7423084648472,904.3067313486354,,,855.0,
JEVMNQETVO,708.1780850856767,,,,,,,631.753425525703,,609.9178085085676,,
LRDNXVDJYO,,,,,,,,,,,,
LMEHMHLJOO,,964.639342642137,957.3460823485663,,,935.4663014678539,928.1730411742831,,,,899.0,
JYRJNDPRSE,,,,,,,,,,,799.0,796.1188993445779
PXVXDAWZAR,,,,,,,,,,,,849.8263518038113
MYJBSDSJGT,937.2330926345878,930.909783371129,,,,905.6165463172939,899.2932370538351,,,,,867.6766907365412
NFANPNUKML,,848.9016814793474,834.4681613149755,,,,,762.3005604931159,,,,
XDOCXCEVKF,,,,,,,,,,,,
UUMGSKAHTY,,1066.7287011304188,,,,,,,,,,
OURREKIXYV,,,1093.9476250972507,,,,1077.4738125486253,1073.355359411469,,1065.1184531371564,,1056.8815468628436
EQPQRGEUZV,963.4590499195293,,957.3672399356235,,,,,,939.0918099839058,,,
CSQTKAIQWG,,,2989.4101387636383,2973.2338714181833,,,,2908.528802036364,,2876.1762673454546,,2843.8237326545454
HFBKSKEJEN,1429.7597370590886,1424.4837633531797,,1413.931815941362,1408.655842235453,,,,,,,
RFMCJAPENM,,,,,,,,4376.68897723204,,,,
QHARVLQHLO,,,938.4485310732725,,,,,,,821.6810663841591,,788.3189336158409
FAHKOXNLRP,,,,,,,,871.6178182748256,,,,
NLVDUKMFCE,946.5250046609995,937.8725041948995,929.2200037287996,920.5675032626997,,903.2625023304997,,885.9575013982999,,868.6525004660999,,
FYZMRQYQLW,,888.215876344471,,,,861.8977090802616,,848.738625448157,,,829.0,822.4204581839476
HHEXWIWEPN,,,781.1378186843283,780.7455913487872,,,,779.1766820066231,,,,
FPVDVASIXR,,1071.3663394217976,1061.7700794860423,,,1032.9812996787764,,1013.7887798072659,1004.1925198715106,994.5962599357553,,
XGDFBYFHEY,,,,,1101.8191310324264,,,,,,,
EZWQSBPSLT,,,1009.5123673188223,,,,985.7561836594111,,973.8780918297056,,,956.0609540851473
RNCOLMSAXY,1099.9158866767384,,,1093.6411206737168,,,1087.3663546706953,,,,,
VDEMVMKRWU,,,,,,,,,,,,
PXWHZAWNPC,,1233.342001347158,,1227.9326677144563,1225.2280008981054,,,1217.1140004490526,1214.4093336327019,,,
YWMJFHIVIL,,,,,,,,,,,,
POHXODJJBX,,,,,,,,,,1215.2281200415048,1212.0,
RBYWBTBYST,758.077389703574,,,735.5541727925018,,,713.0309558814296,705.5232169110722,,,683.0,
IBDYBESRLQ,,,728.6805961475218,,,670.3003725922011,,631.3802235553206,,592.4600745184403,573.0,
GIAMXXSXYP,,,,4308.5701460598575,4306.20298233702,4303.835818614184,,,,,,4289.632836277163
BJHEVMABJN,,,,,,,,,,881.7760219827101,,878.2239780172899
NOVWNPONJI,,,,,,,1260.1247382768097,1253.5935537076073,,,1234.0,
INJRGATMLN,500.2307618610859,498.4076856749773,,,,,,,485.64615237221716,483.8230761861086,,
XLFPCUVUFL,716.4029061529453,,695.3223249223563,,,,,,632.080581230589,,,600.4597093847054
EILRRROHQI,,4452.195720301908,,,,4379.219844612171,4360.975875689737,,4324.487937844869,4306.243968922434,4288.0,
CLZXMUWLJZ,,,1013.3878861688969,1003.9644003977849,,,,,,,938.0,
IJFQJHLSJN,,943.2576359585458,,931.4226057455357,,919.5875755325255,913.6700604260204,907.7525453195153,,895.9175151065051,890.0,
CUIOOOKNWZ,831.624220230142,,803.2993761841136,789.1369541610994,,,,,718.3248440460284,,690.0,675.8375779769858
JXXNMIYZZI,,,,,810.7534606245791,,,,,,,
EKDGEBPAOZ,,1180.1727790585082,,,,,,,,1147.1303087842787,,
LEURTINGAK,,,,,,,2743.93334686464,2734.95001014848,2725.96667343232,,,2699.01666328384
ESBMGRHEXX,,870.4180902737852,,,,,776.8524845661268,,739.4262422830634,,702.0,683.2868788584683
BOWVROVBTU,,,,583.3769500971526,,583.2692500693947,,,,,,
TKPWBWSPAI,,1203.9681749386498,,,1172.3121166257665,1161.7600971881388,,,1130.1040388752556,,,
FMPAQGLNPS,,916.6285358881166,,901.1555279129796,,,,,862.473007975137,,847.0,839.2634960124315
IAOEPSCWJT,,,,,,,,,1258.0652002742981,1251.032600137149,,
YRQPBFPHRP,,,,,,1116.7979916977272,1106.8383933581817,,,,,1057.0404016604546
WQGHWLBDAR,,,,,,328.5245577338503,,,324.00982309354015,,,
AHKOZUFAQS,,1314.9761778258378,1303.978824734078,,,,,,1237.9947061835196,,1216.0,1205.0026469082402
QMARFDYIVF,,,,,1034.6670461300228,,,,974.2223487100076,,944.0,928.8888256449962
KAVZYUNJGC,,780.5112476429475,,,732.6741650952983,,,,,,637.0,
BBWUEESOTR,1637.2848341561244,1618.856350740512,1600.4278673248994,1581.999383909287,,,,,1489.8569668312248,,,
DSINTHDXQE,,,,1818.8500222767107,,,,1817.2214381185902,,1816.40714603953,,
VVISAMGYJW,,,,,,,,,,,,
FZVQWXVHDA,,,,,,,,,705.2783307428389,,,676.3608346285806
HRELUCJDHB,,,,,,,,,,,,
EBZICJZUQS,,,,,,705.4808168934825,694.784653514786,684.0884901360895,673.392326757393,,,
YHSBXESCXM,,,,,,,,,,,,
LLCWQRWENI,1006.3787772409415,,981.5030217927532,,,944.1893886204707,,919.3136331722825,,,,
UYCVROQOGU,,,1060.4052500518123,,,,,,,,976.0,
ERTDXKXVAA,960.0908970663415,,,,,,,908.9272691199025,,894.3090897066342,,879.6909102933658
HALXXFTIAU,,,812.812551406418,,,,,,,,,
PYPMFDDOVE,983.3508836801745,,,,907.2105302081047,,,,,,,
YVNWAYQWEZ,,1172.8728975893996,,1160.2344759028663,,,,1134.9576325297999,,,1116.0,
NRNYMCUIXW,1029.7407599556443,,,1021.418531968951,1018.6444559733866,1015.8703799778222,,1010.3222279866933,,,,
RMBLTVMWLN,,,,,,,,,,768.05998549309,,
VZTFZALCMO,,,,,,,,,,,,
UIEFRYPLIR,,,,,,,,,,,,
CDGOOMKQEH,,,,,754.4666923629479,,,,,689.9111153938246,677.0,
SZCQPKSYIZ,,,,,,,,,,,,
PZZUDFKZVR,,,,,,,,,,645.2426670984547,,610.7573329015453
YBVCYQTMKM,,,1023.822050753253,1019.2192944090964,,,,,996.2055126883132,,987.0,
CKASIFLDUZ,940.1742010759689,,,,,859.5871005379844,,,,795.1174201075969,779.0,
DQRJSTBGOY,930.2389365976084,,,,,,,,806.8477873195217,,,
OPWUXWNKBY,,970.3434117015413,963.3052548458145,956.2670979900877,,942.190784278634,,,,,,
SKOHREGNWV,,,,,,,,,,,,
YOMIGCFPLJ,1215.049019972997,,,,,,,1102.314705991899,,1070.1049019972997,,
OWSZBMNVZY,,,,860.1524387863342,858.273518959715,,854.5156793064766,,,,,
PEDLOAKQNH,,,,989.0044426824785,,968.7174590589133,958.5739672471306,,,,918.0,
VFWWXVXSSZ,,,,911.1791063792621,,,,,,880.168443768466,,
QHRGYKEXXD,,1054.9042977920915,,,,,975.5130212409296,,,927.8782553102324,,896.1217446897676
IBMWBMUEDK,1054.1514641855256,,1028.3211713484204,1015.4060249298678,1002.4908785113153,,,963.7454392556576,,937.9151464185526,925.0,
BITMKGMAKN,,851.3940163477087,,,794.2626775651391,775.2188979709492,,,,,680.0,
VWLNUILMFL,928.698408158964,909.9285673430676,,,853.6190448953784,834.849204079482,,,,759.7698408158964,,722.2301591841036
NMLGEZMYVB,,,986.7953141401872,,,985.747071337617,985.3976570700936,,,,,
HPNLZFAOWK,,1011.7239563899469,1000.6435167910639,,,,,,934.160879197766,923.080439598883,,900.919560401117
VCFQRDYIWU,,,,,,,,,,,,906.2304737752488
CSCPDNZJAY,,,957.4741452803607,,,930.6713408002255,,,903.8685363200902,894.9342681600451,886.0,
PUXEZXNEYM,,457.8826453956678,,,,,,383.96088179855593,,,,
UESAELJPNI,,954.8042741328437,949.2704658958611,,,932.6690411849132,,921.6014247109479,,910.5338082369826,905.0,899.4661917630174
NRQVOFWRYG,,,,1017.5235386053794,,,,990.3672308308769,,,,963.2109230563743
AJXDONTOSH,1106.9806905137048,,,,,,,973.9942071541115,,,,
URCKGERWHR,,,,,,,,1255.2905002856085,,,1246.0,1242.9031665714638
TZQHLYOYUO,,,,1057.0281636232035,,,,,,,,
OOEFZKZVFI,,,,,,,901.0365423282916,,,895.0091355820729,,
BTYGNSJPJS,,1123.6983871287255,,,,,,,,,1066.0,1059.5890680968082
UKVSNCWNKI,,865.2541443304727,,,832.1694295536485,,810.1129530357656,799.0847147768243,788.0564765178829,,,754.9717617410586
XWNKULXSDL,997.6165206839169,,,,917.7699124103501,,,857.8849562051751,,,798.0,
PDNVIDHDCP,,,,,939.7615139420524,,921.5076759613682,,903.2538379806841,894.126918990342,,
WMCSZKEGDH,,,1167.5067580201005,,,,,,1068.126689505025,1051.5633447525126,1035.0,
BETZASRAPL,,,,,,,,,,,,949.0184618029152
BUDOCBQMIZ,,,,,,,,,,,,
JOKNWUPCQA,,1063.0209088396539,,,,,,,,,,
TUWNMJUPDT,,,,906.8577583059725,,,876.4901476034129,,,,836.0,
USMMVTWKDN,,,,,,,,,,,,
SSZCRWOKGF,,,,,,,,,,,,
EEINDCCBHS,1092.8745919725045,,,1066.2122143807533,,,,1030.6623775917515,1021.7749183945009,,,
DPXNHOTKDC,,,,,,,,,,,,
CVCDVNMZYZ,,774.4214933018432,,755.8833836792114,,737.3452740565796,,,,700.2690548113159,691.0,681.7309451886841
LQMJUPFOBM,,943.5287907414205,,,908.352527160947,,,,,849.7254211934911,,
TOLIUBZSHM,1001.8316017218145,989.2484415496331,976.6652813774517,,,,,913.7494805165444,,,,
CQNXNANEIN,754.8140961292183,,,,,,,,,,677.0,669.2185903870782
OFFFHMBWNS,,,,806.2026501881692,,780.7161787058351,767.972942964668,755.2297072235011,,729.743235741167,,
FRKFBRYFMC,,,,1193.4054655221191,,1190.4324753729422,,,,,1183.0,
VTSWSTOGEV,,988.6094507540181,,969.1406839197919,,,,930.2031502513394,,910.7343834171131,,891.2656165828869
ZDYGDTBWSQ,,,,,1397.6519569627237,,,,,,,
ANKHYKWSIY,,,1269.214738807972,1262.3128964569755,,1248.5092117549825,,,,1220.9018423509965,,1207.0981576490035
PKRUEKKAQU,1079.0727044109447,1078.36543396985,,1076.9508930876611,,,,,,1072.7072704410944,1072.0,
CLUZMKWIPC,1036.0581173217931,,,,976.8348703930759,,,,,,,873.1941882678207
NHGFWYHBWU,,,,,,,,,,,,
TGPBBOIXTK,,972.7251619316148,,,,,,,,,811.0,793.0305375631539
PMRSAFHDNG,,,,,,,,,,,,
FRQJSWOGTW,1073.4904004444602,,1072.1923203555682,,1070.8942402666762,,1069.596160177784,,1068.298080088892,1067.649040044446,,
KYQPARUMPR,929.1937231596023,,,903.0356062117216,,,,868.1581169478807,,,,
MJGADYFKNK,,896.6881490445983,,862.5352270346875,,,,794.2293830148661,777.1529220099108,,,725.9235389950446
BWKGXEFSJY,,,,,,,644.8105033563314,,,598.4526258390829,,
UYFIJPXHXK,,,879.9319414542281,,,860.4574634088925,,,840.982985363557,,,821.5085073182215
PNIVYYAEWT,,1052.4424737235965,1038.9488655320858,,,,984.9744327660429,,,944.4936081915107,931.0,917.5063918084893
VARCKKNRIH,1328.1251515832232,1321.412636424901,,,,,,1281.137545474967,,,1261.0,
AQILKRLYWC,,,,,,,964.4913712751397,,,934.122842818785,,
XYHXFSZSNW,,,892.8196035950417,,,891.3872522469011,,890.4323513481406,,,889.0,
MNIOPUXRZW,1055.736222584383,1048.0626003259447,,,1025.0417335506297,,,,994.3472445168766,,,971.3263777415617
JZTKDDFXHE,,,,,,,,,1182.5607144616756,,,
RDUDJXRVMO,3643.032148529246,,,,,,,3512.1096445587737,3493.4064297058494,,3456.0,3437.2967851470753
JCNLBWYMDM,,,,,,,,,,,,
JKMQYZIHWE,,,,875.7456673373991,,,,,,,,
JSMBIWBELV,726.9703422840739,,,,716.9822053704444,714.485171142037,711.9881369136295,,706.9940684568148,704.4970342284074,702.0,
PUFBXVYOWU,1472.9785519044312,,,,,1421.9892759522156,,1401.5935655713295,1391.3957103808862,,1371.0,
EYXRWJPXWK,1051.6450761448627,1041.7805685303765,,1022.0515533014039,,,992.4580304579451,,,962.8645076144862,,
AQNSMLVOQL,,,,,,,960.0140942467765,,,,,
QKWNVXBZKS,,862.9829441728419,,860.097845467766,,857.2127467626899,,,,,850.0,
SPUFFAKFWL,,,903.8419845278119,,,,887.420992263906,883.3157441979295,,,,
NKOPKUXYQB,,,,,,,,,,1118.8291075777845,,
RVUSPHFKOO,607.6318803124666,,,,,,,529.48956409374,,507.16318803124665,496.0,
FZUITYERLZ,1180.2969809614694,1171.2672828653224,,1153.2078866730285,,1135.1484904807346,1126.1187923845878,,1108.059396192294,,,
HCBMXUPFHO,,,658.4528761118905,,,,,,592.1132190279726,581.0566095139864,,
EGXPIAVHVZ,,1148.9396400506034,,,,,1053.417617800268,1034.313213350201,,996.104404450067,,
ERCPVDRUFI,,1118.9197638663463,,,,,1075.6310061628205,,,1049.6577515407052,,
YVSBSPVKKQ,,,939.6986432607794,,,,,848.6369912227923,,,,
XGPNSKTQYT,,,,,854.078989425628,,,,,,,
DOZGAIFEET,,,,,,,,,,,,
YARWNBZCRU,,,,,,,,,,,,
BCHKGKXUMP,,4737.052858247305,,4715.485556414571,,,4683.134603665469,,,,,
NFKGKYPQIR,3699.5729090276673,,,,,,,,3603.9145818055335,,3580.0,
JTEJTWKKBI,664.5312151688197,658.0780936519377,,,,632.2656075844098,625.8124860675279,,612.906243033764,,,593.546878483118
UTLEZWMGXL,,,,,537.9289988540738,,504.28599923604924,487.4644994270369,,453.8214998090123,437.0,420.1785001909877
VCOMTORILZ,,,931.0717944530584,,,877.0448715331614,859.0358972265292,841.0269229198968,,805.0089743066322,,
TKOYLAIQNA,,,,,,,,,,,,
ODLAHVOKCI,,,,903.7316339982186,,,878.9895051418392,870.7421288563794,862.4947525709196,854.2473762854598,,
MFMLXTPGMN,,,,,1181.0923637148421,1164.0769697623684,1147.0615758098947,,,,,
TQKHSUWMYK,,1309.2409377175343,1295.2141668600304,1281.1873960025266,,,1239.1070834300153,,1211.0535417150077,,,
XCSJZZVFGS,,,,,845.421870311415,,,,,,,
BVMCYVXMDY,,784.8183237277299,,,,,,,,,,
EGVDHLSNNU,,,,980.007406675049,976.577777150042,,969.718518100028,,962.859259050014,,956.0,952.570370474993
NGKSSNWXDX,,,,,672.4647834814054,,,,,,,
GVPOHYWUUQ,810.1771601422971,793.2594441280673,,759.4240120996079,,,708.6708640569188,691.7531480426891,674.8354320284594,,,
YTTDURUOZC,1009.9376562035369,,,975.1563593424758,,,,,,905.5937656203537,,
DIBRFSCRHK,,,,,,,,1648.1512659255015,,1637.3837553085004,,
LMIHNBGBME,,,943.243278851214,,936.9324591384104,,,,924.3108197128034,921.1554098564018,,
JPMZIQTNZQ,932.5326315181488,918.779368366334,,,,,850.0130526072595,836.2597894554447,,808.7532631518148,,781.2467368481852
TIQEAYVXER,732.5048616047266,,,,702.702916962836,695.2524308023633,,,,665.4504861604727,,650.5495138395273
EPRSSVKLST,,,,,,,798.0191142247346,,,770.2547785561836,,751.7452214438164
PAPXLMELGI,,,,,,,,,,,,
KRMIUXXLIV,,912.3480510799454,906.3093787377293,,,,882.1546893688646,,,,858.0,
RVAAYRTVXL,,,,,1319.6234310796865,,1300.415620719791,,,1271.6039051799478,,1252.3960948200522
KTLXSARWLY,,,963.6145310574091,,,,,,,,,
BHGANKGTJX,,,,,,,1024.2348180921015,1008.176113569076,,,,
BBVPSJQNCH,,,1226.6629629148524,,,,,,,,,
HSDBGHLMGM,,,1088.3403783177057,1072.2978310279925,,,1024.1701891588527,1008.1276418691397,,,,
VDGFMMERMJ,,,771.6465877078992,759.5657642444119,747.4849407809245,735.4041173174371,,,699.1616469269749,687.0808234634874,675.0,
GVSIPPHJGR,,1054.5852298182824,,,,1036.1029054546013,,1026.8617432727608,,,,
ILZARKDKBW,,1081.486906639688,,1060.9342607197573,,,,,1009.5526459199307,,989.0,
JABFUTXBOI,,,611.4925245998819,,598.3693934499114,,,,,,559.0,552.4384344250147
JKDECTAXUM,,,,1278.8449235791416,,,,1236.6478243910606,,,1205.0,1194.4507252029798
EYBEVHTOGQ,,,1296.2006342690522,1280.0505549854208,1263.9004757017892,,1231.6003171345262,,1199.300158567263,1183.1500792836316,,
CKEVCNXCOP,,,,1376.191068187887,,,1333.6806103930783,,,,,
IPVPWBNDMR,,,972.8182369749333,,,,,,944.4545592437333,,,
OBSGPLQBXP,,,,,,,,,,,,
KRHPKMHKID,,,1164.153755952434,1146.2595364583797,1128.3653169643255,,,,1056.7884389881085,,,1003.1057805059457
GVTWOJBLLE,,,,1151.8394902587686,,,,,,,,
TRQHFFZVAL,,,,732.7843297885129,,,711.4481884505788,,,,,
ORNAEDWDZK,,,,,,,501.4911713424823,,,,,
PTDYTDVBCM,,,,,,,,,,1321.960981264519,,
RVZYJBACBH,,799.5503664799569,783.3781035377394,,,734.8613147110872,718.6890517688697,702.5167888266523,,670.1722629422175,,
PHQNDPZGHY,799.6173677263835,,,,787.3704206358301,784.3086838631917,781.2469470905534,778.1852103179151,,,,
SONRBNJNYY,,,1337.5644117236461,,,,,,1232.1411029309115,,,
WDHBEVDDHO,,,,,,,,,,,,
COQLLMIEYR,,948.3295159633633,,,,,,,822.851003547414,,,769.0744982262929
JREVLEBWVY,,,,,849.0119647413562,,,,808.337321580452,,,777.831339209774
IRRTJZEWFO,,,,,,,,,,1036.1961688501767,,1007.8038311498233
TYEFJAHRHR,,989.1860757705117,972.8320673515659,956.4780589326202,,,,891.0620252568373,,,,
LVLIJZWXVR,,1483.2040471151233,1469.181375213443,,,,,1399.068015705041,,,1357.0,1342.9773280983197
KBZEELKOQO,,4972.7559565291995,4957.116405803733,4941.476855078266,,,,,,4847.6395507254665,4832.0,4816.3604492745335
YDNJIAGZND,922.594498405457,,,,,,,,883.7188996810914,878.8594498405457,,
PWVCBXRXYR,962.9843715817894,,924.7874972654315,,,867.4921857908947,848.3937486327158,,,,772.0,
AGAVZQSFUC,,,960.2077453221732,940.6817771569015,921.1558089916299,901.6298408263583,,862.5779044958149,,,,
OTLGOUDUZK,,,,1017.0123148877622,,,,,,,,
CTWNOXYNXQ,,1203.7969519301862,,,,1139.4427510723256,,1107.2656506433955,1091.1771004289303,,1059.0,
GNLDMNCMFM,,,1145.5352632101244,,,1091.334539506328,,,,,,
OXBCWLAMXL,,,980.1200613422061,975.2300536744303,,,960.560030671103,,,,,936.1099923322242
ZGCEIKUIWM,,1130.3539076929683,,1114.7197059834198,1106.9026051286455,,1091.268403419097,1083.4513025643228,,,,
CLGZPPBSQA,,,649.2215166071886,,,,,,,517.7776895758985,,
RVUAZXBNEQ,,645.8971674877763,,,624.5981116585175,617.4984263820979,,,,,,
FPDOSHAJWV,627.0531725115691,,,625.5372207580983,,,,,623.0106345023138,,622.0,621.494682748843
PMAFOZBRAH,,,,1002.8774340828629,,,,,914.3935525951038,,,861.3032237024481
XANGGVJUNP,,1312.6417682696929,,,,,,,,,,
FUREHKPSHV,,,765.5321961556967,,,,,,,,743.0,
XCOVSGJSLP,856.5548412425554,,,848.8883888697889,846.3329047455333,,,838.6664523727667,,833.5554841242556,,
CRGDGWWLHX,,,,1243.866077602882,,,,,1212.5331650293947,1206.2665825146973,1200.0,
UURMDGAZRZ,,,,,,,1156.3209873119863,,,,,1108.4197531720035
IWOILKGPNM,,,774.1656621514608,,753.3742466135956,,732.5828310757304,,711.7914155378652,,691.0,
BVIEISTPHC,956.8188080788027,950.0369272709224,,936.4731656551619,,,916.1275232315211,,,,889.0,
XYSYCWIIZF,,954.6236075228409,946.6654289091919,,930.7490716818938,922.7908930682449,,906.8745358409469,,,,875.041821386351
MUROMZZSRI,,,,895.7750052711116,891.9500045180956,,,,876.6500015060319,872.825000753016,,
JZRWXCVYSI,,,1157.6873140254306,1152.4763997722519,,1142.054571265894,,,1126.4218285063575,,1116.0,
EDRIUCEAZS,,,938.8421639722916,,931.6316229792187,928.0263524826822,,,,,,906.3947295034635
OASAGKPKRS,736.0902452407827,,,,,,728.8360980963131,,,,724.0,
GCAIEHXMMJ,,,,,,,,,,,,
JNOVITEWTF,,,,,985.5114615040653,972.0928845867211,958.674307669377,,,,905.0,
WCIIHUFWTW,616.9426803871715,,,,,,,,,,,
MVALSONNZD,,,,,,1016.365827000129,,,,,1006.0,
MOJBYBATQS,819.044250800951,,782.6354006407608,,,,,,,,,
OEQIDVGFUX,,,,,,281.8078005578667,,,250.72312022314668,,,
OIGKYHMFQL,,,,,,,,742.521144990271,,,,
WSMDBZUPKO,,,,1161.0013524967653,1142.7154449972275,,1106.1436299981515,,1069.5718149990757,,,
GRYNWVNEVI,,,,,,,,,,,,
WLTTPJGUTN,,,,,785.3801079948727,,,,,,,
HMODFJAGEV,,,878.967125222216,,,,,,,858.870890652777,856.0,853.129109347223
ZTTNBSXJTD,,1317.9523298569688,,,,1269.084627698316,,,1232.4338510793264,,,
KUMJZRUZJR,,,,,,,,,,1230.5629502166196,,
WTRASDLPPO,,1080.988502987032,,1079.8799467676915,,,1078.217112438681,1077.6628343290106,,1076.5542781096701,1076.0,
TVOMKXQTTH,,,,,,,,,,,,
YWIZRNKNQC,740.0373758371385,730.3336382534246,,,,691.5186879185692,,672.1112127511416,,652.7037375837139,643.0,
EATJLFZTMW,,1102.6331836880006,1093.229496611556,1083.8258095351116,,1065.0184353822226,1055.614748305778,,,,1018.0,
HIUZJORGCK,,,866.1517020258934,,,,,,,,,
GEAYXMHEVC,3959.8921398934854,3943.1029259041366,,,,,3859.1568559573943,,,,,
OCAWMCDIWT,,,,,930.1439573324624,,899.0959715549749,883.5719786662312,868.0479857774875,852.5239928887437,837.0,821.4760071112563
HLNNJUULES,,,,,,,,,721.2640115843868,,,
UMUNQHOFWP,,1096.7257005586796,,,,1070.180944754822,,1056.9085668528933,1050.2723779019288,,1037.0,
UHDXJAGSBY,968.7962227554366,,964.0369782043492,961.6573559288056,,,,,949.7592445510874,,945.0,
MYWFXYPLAZ,,,,,,,,,,,,
LYXRXATPFC,,,,,,,,1087.0945067899825,,1061.6981689299942,,
ZHGACZTRMZ,,,1116.4329102486947,,1101.074682686521,,1085.7164551243475,1078.0373413432606,,1062.679113781087,,
NOLFHYYWYE,,,,778.3432272364346,759.7227662026582,741.1023051688818,722.4818441351055,703.8613831013291,685.2409220675527,,,
ECVJOGUTRK,,,1115.1431272936234,1095.3752363819206,,,1036.0715636468117,,,,,937.2321090882971
FUZPPFSFVR,,,,,,,,,,,,
JGCOGQITGG,,,,,,,,,,,,
CTNPHHWRSC,,961.7849478379818,956.2532869670949,,,,,,,917.5316608708869,912.0,
HHVTMLVZLM,,,,,,,913.0212822022474,,,875.5053205505619,,
IGDOIULHJC,1110.9265617791061,1099.7339056011954,,1077.3485932453743,,1054.963280889553,,,,1010.1926561779106,999.0,
CZDFOSPGXG,,,1229.0339812474417,1212.0297335915116,,,1161.0169906237209,1144.0127429677907,1127.0084953118605,,,1075.9957523440698
YXPXACWXVS,,,,,,,,,,,,
ILFKSDDYEX,,809.1371074395248,,802.4399724529637,,,,,,,779.0,
EUHEJMRZJJ,998.0145818858409,,,950.0102073200886,,,902.0058327543363,886.0043745657523,,,,821.9985418114159
ZOYTBEUEPL,649.541174307283,,,,,602.7705871536415,593.4164697229131,,574.7082348614566,565.3541174307283,,
OLNCOBMAST,988.1693097128807,,,,,,907.0677238851523,893.5507929138641,,866.516930971288,853.0,
KGPZYSBESL,,1132.9894875415262,1112.9906555924676,1092.9918236434091,,,1032.9953277962338,,,,953.0,
CGBUZFHKVK,,1237.2133802196176,,1204.277073504147,,1171.3407667886765,1154.872613430941,1138.4044600732059,,,,1072.5318466422648
KSRRHALXLY,,,,,,,,,,,,
MGSITGWLSZ,604.9391264071645,,,,,544.4695632035823,,520.2817379221493,508.18782528143294,,,
NFGLINCIPY,712.4518236211585,712.0066412590427,,,,,,709.3355470863476,708.8903647242317,708.4451823621158,,
FKXTGNWSCY,875.5359002174617,,,,,,,,,,,
LVUSLKHHWA,,,,,,745.9493956793887,,,,,,
TLFLFFAWZJ,,,908.101937846338,,,,,,,817.0127422307922,,
OZMDRLWVLX,,1086.4837888098234,,1067.042946852085,,,1037.881683915477,,1018.4408419577385,1008.7204209788692,999.0,989.2795790211308
PQPZHFLOCO,,,,,,,,,,,,
YCOUTWUANF,,,,,,,,,,,,
LEBYLFZALK,,,,,1401.5281292254047,,,,,1307.754688204234,,
NBEGMZUJYA,,,,976.9299966484087,,,,,935.551427613831,,,
EOGDUNHAJZ,762.6476460142892,762.4828814128604,,,,761.8238230071446,,,,761.1647646014289,,
KACZSRRRXC,977.573692121179,,,,,901.2868460605895,,,,840.2573692121179,,
SOSSUKLKRF,,,,,,,,,,,,
WTLJZSOWFK,797.6875652161381,,,,735.4125391296828,,,688.7062695648415,,657.5687565216138,,
CVRGJPEOJM,1221.1126064438288,,,,1190.6675638662973,,,,,,,
OHNDMJGQCL,,1253.7894754936674,,,,,1165.5731002194077,1147.9298251645557,,,1095.0,1077.356724945148
TCBMWSPPKJ,,,1112.8407151235667,,1077.880536342675,1060.4004469522292,1042.9203575617832,,,,973.0,
VGEIORQGZR,,1102.0041611211445,,,,,,,968.2231469158099,,930.0,
VWRMHINPGF,,,,,,1049.8645250826296,,1033.5187150495776,1025.3458100330517,1017.1729050165259,,
NKWVHTBSDO,,,,,,,,,,,,
RRDAUYXDCZ,,,,,,970.3665611355513,965.293248908441,,,,,
BNRNJVXGYC,,,,,,,,,,,,
ETGUWLQKIL,,,970.0001828709261,,963.5001371531945,,,,,,,
DSMWYRAQGE,,,,,,1083.5123419003687,,,,,1018.0,1004.8975316199262
HHNRDXURPE,,823.1310638040983,,820.6574940698542,,818.1839243356102,816.9471394684881,815.7103546013661,,813.2367848671221,812.0,
GLQYTVUARU,,1176.0994200866746,1170.643928965933,,,,,1143.366473362225,,1132.4554911207417,,1121.5445088792583
CDEDEBUJMM,,879.8707063573103,,,820.9138042382068,,,761.9569021191035,742.3046014127356,,703.0,683.3476992936322
DFRKTIEFER,,,949.5651612793553,,,,,916.0869354797583,,902.6956451599194,,
RQBVPWDQUC,,789.3200915290814,789.2845258036278,789.2489600781744,789.2133943527209,789.1778286272674,,,789.0711314509069,,789.0,788.9644342745465
ZNWYABMMIQ,,1093.1705006121647,,,,,,,,,,
LHGSJORXPD,770.903058923497,,755.1224471387976,747.2321412464479,,,,715.6709176770491,,,,684.1096941076503
ZMPGRKZHPP,,1314.2035392963903,,,,,,,1202.8230087325312,,1171.0,
PAFSABNLHS,,,764.1568329112048,761.6372287973041,,756.598020569503,754.0784164556023,751.5588123417018,,746.5196041139006,,
OCIEHEMEET,,566.8047912277206,,,546.2031941518137,539.3359951265114,,525.6015970759069,,,,
GYRAIIGAGJ,,874.9093371282953,,,,,,,851.6465193618434,,845.0,
YWUBOXJPDZ,,,4535.803274068222,,,,,4450.926227775583,4433.950818517055,,,
ABYSLQSVSM,,985.127523639114,,,,,,,,,889.0,
HLUQGVKACL,,,,,,,,,922.3289378406288,,,
OURKWDNSYB,,,,,,,,,,,,
LCHTSYKHAD,,1197.5944700592559,,,,,,,,,1108.0,
XUEHAIYHIU,,,1058.5887144035532,1039.640125103109,,,982.7943572017766,,,925.9485893004442,907.0,
SPJFUYYBMJ,724.867371457827,,717.2938971662616,713.5071600204789,,,,,,,,683.2132628542173
KBTPXOWVSM,,,,,,,,,991.2628721197062,975.1314360598532,,
MKHIGMRMKH,,3105.426518050584,,,,,,,3026.539226233463,,3004.0,
TKQQNKMWID,,,,667.1524402337221,,,,,,,,
NNEJQBRIXB,,,,,,,,,,1121.9723400355124,,
QOXXZWFDTA,,,,1227.6477881510464,,,,,,1132.8068268787208,,
LVAMFPFMQV,,,620.2504425745594,,,,,,,,,
QILUILCLLB,,1188.8781111136718,1173.5583209899305,,,1127.5989506187066,,,,1066.3197901237413,,1035.6802098762587
GWUXRIEFTZ,1227.1568223642337,,,,,,1137.6627289456935,1122.74704670927,1107.8313644728466,1092.9156822364234,,1063.0843177635766
KYSOQCYHWT,,,,,957.3294879724405,,929.552991981627,,901.7764959908135,,,860.1117520045933
VROMBCQPZI,1219.494484892346,,1200.3955879138769,,,,,,,,,
GNJRCGLOWL,,,,,,,,,,,,
ITOLYOQHTH,,,,,673.93695037566,,662.9579669171067,,651.9789834585533,646.4894917292767,,
HVUEAWUHMZ,,,,,,,,,,,,
TTCHDHLPFW,,1113.9875283959166,1109.8778030185924,,,,,1089.3291761319722,,,,
TWYUURVDMV,,,1174.9189123965464,1168.929048346978,,1156.9493202478416,,1144.9695921487048,,,,
XLPCCKYISP,957.7092228612107,,,,,,930.2836891444844,,,,,
LQJUHUMOGH,,943.6619309623773,931.3661608554464,,906.7746206415849,894.478850534654,,869.8873103207924,,,833.0,
LOVAGIDYCQ,1303.621195822067,1286.6590762398603,1269.6969566576536,,,,,,1167.9242391644134,,,1117.0378804177933
EGSIYOYNTX,885.1265562573282,,,,,,,,,,883.0,
AUBRINDBTB,,617.5199197287172,,,,,595.5644087683188,591.173306576239,,582.3911021920796,,573.6088978079204
SBVTZUMNBE,,,,,,,,,,809.0213084859995,,
MDAIEUEUGJ,,,,,,,,,,,,
TYKXTHZULK,,,,475.94840409092683,,462.82028863637635,,,,,430.0,
QBWKLLEEMJ,,,799.6556299114588,,,,,,,,,
OLLQGXOSAJ,,,,,,974.0733478268895,971.4586782615116,,,,961.0,
EHVZHPSXYE,,,,,,,,,,,,750.4390491513312
OMFFWILSSP,,,,,,,,,,,,
HZLLWKHTWU,1001.2444723065801,,,979.871130614606,,,,951.373341691974,944.248894461316,,,922.875552769342
VXEUJTOJOV,,,794.2394483840983,789.4595173360859,,,775.1197241920491,,765.5598620960245,,,
XQULGHHWDO,,1075.6479428551784,,1064.837288887361,1059.4319619034522,,,,1037.8106539678174,,,1021.5946730160913
WBDHMPXIEI,,,,,,,,,,,934.0,
EEIVWTTTRR,577.7137197724428,559.8423477951985,541.9709758179542,,,,470.4854879089771,,434.74274395448856,416.8713719772443,,
AIPCSHWVQV,1120.240280071007,1114.3162520639064,1108.3922240568056,1102.468196049705,,1090.6201400355035,,,,1066.9240280071008,1061.0,
RIFAQDJEFP,,,,1079.357343369686,1076.449151459731,,1070.6327676398207,,,,,
OIZMNIFNRV,2335.2597302442964,,,,,2305.629865122148,,2293.777919073289,,,,2270.07402697557
EIJGPQGMYD,,,,,895.679472827761,,877.452981885174,,,,,
GCUNGCYNNZ,,1268.2931198432823,,,,,,,,,1090.0,
FXQLJIKISS,,,,,,,,,746.5262014673875,,,687.2368992663062
HJYQZUOGWO,,,,,,856.030970803414,841.2247766427312,,,,782.0,
BNRHNFBORE,,,860.6823771285087,,,,,,,,818.0,
PIOVHUEJAB,1134.4539540562794,,,,,1066.2269770281398,,,1025.2907908112559,,,
FUEOCEQPDK,,867.3799918720421,,,845.2533279146946,,830.5022186097965,823.1266639573473,,,,793.6244453475509
PMJTTWBDVB,,770.4231393452558,755.4872349735607,,725.6154262301706,,,,,650.9359043716951,,
BTGAGEKBFJ,,826.7313213779787,,,783.1542142519858,768.6285118766548,,,,,,
MQGHKBJHFW,,,,1094.3941698202193,,1079.4244070144423,,,,,1042.0,
NSXNLIERGY,1029.9870421963985,,,988.290929537479,,,,932.6961126589196,918.7974084392797,,891.0,877.1012957803601
PKXWVGRLMB,1228.549314943773,,,,,1202.2746574718865,,,1186.5098629887545,,,
RAPARXWZGZ,1087.6064591712857,,,,,,,,,,,
LQVAUEFWPF,722.462824956017,,721.9702599648136,,,721.2314124780085,720.9851299824068,,720.4925649912034,,720.0,719.7537175043983
GQUXTZWWKV,,,,,,,,,,,,
FYGJTFZBMM,,949.6831576518957,,946.1980115070301,,,,,,,,
JKRPVLUPOP,,,,,,,,,,,,
NUITEXHTVH,,,,,,,,,,,,
DUIIIHTLQF,,,,1076.6799762369046,1058.7256939173467,,,1004.8628469586733,,,951.0,933.0457176804422
PJOGNCTASO,929.7769989070083,,,,,915.3884994535041,912.5107995628033,,906.7553997814017,903.8776998907008,,898.1223001092992
BWLHKHWVQW,,,,,,,1054.4250817968848,,1054.2125408984423,1054.1062704492213,,
XYBXXSUXHL,,1307.7070978906268,1301.2951981250017,,,,,,1262.8237995312504,,,
HMMKDVQKZS,986.280051440069,,,,965.7680308640414,,,,945.2560102880138,,,
ZFVYJIVQZV,837.8610749752033,,,,801.916644985122,,,,,,748.0,
YJCCLIOYCT,,,,,,,1002.5481139136864,985.4110854352648,,,934.0,916.8629715215784
AZCNGFCQKW,912.5468065798938,,,,,,,,,870.6546806579894,866.0,
AAULMSPHDA,1225.898875178639,,1223.319100142911,,,1219.4494375893196,,,1215.5797750357278,,1213.0,1211.710112482136
BOYKNXQMSA,842.5645706174241,,,,,822.2822853087121,,,,,,
MXXGHAOFDX,,758.083732270679,,750.2873473216391,746.3891548471192,,,,,,,
TKUEQGUPCY,4123.152705490289,,,4076.606893843202,,,4030.0610821961154,4014.545811647087,,3983.515270549029,,3952.484729450971
ZNAREISZLG,,,,527.7650256298659,515.0843076827422,502.40358973561854,,477.0421538413711,,451.6807179471237,,426.3192820528763
DCZGUKIDQJ,,,,,,,,,,,,
SFRCUVWHMS,,,1262.8258898398926,,,,1186.9129449199463,,1148.9564724599732,,,
SAQWSPQSIR,,,,,,894.6751237113108,,876.4050742267865,867.2700494845243,858.1350247422622,,
JNYKEZPJJT,1208.4200556129738,,1184.736044490379,,,,,,,,1090.0,1078.1579944387026
WLAYSQEYSZ,,1100.211358377504,,,1046.1409055850027,,,,,,,
YZCFODVEBZ,,,1157.1470730285953,1152.7536889000207,,1143.966920642872,1139.5735365142975,1135.1801523857232,,,,
ILGXTKMIMT,,,1032.634182373199,,,981.0213639832494,963.8170911865996,946.6128183899497,,,895.0,
VXRRLXPZGN,,910.5072983688035,,,865.0048655792024,,834.6699103861349,,,789.1674775965337,,
PCGDUYIBLR,,,,,,,786.7247614301918,,,,708.0,688.318809642452
ZNUEYQZRSP,1262.53619033855,1252.0825713046952,,,,,,,,,,
JHZRMELAHA,,743.3576862870925,,,693.2384575247283,,,643.1192287623642,626.4128191749095,609.7064095874547,,576.2935904125453
JXNSFRJHWE,,,,949.4985718855249,936.5702044733071,,,897.7851022366535,,,,
PLMBWMEJJQ,,,977.6308281496349,964.8019746309305,,,926.3154140748175,,,,,
KSFXJDXLUC,,,807.503322372706,,803.8774917795295,802.0645764829412,800.251661186353,,796.6258305931765,,,
FHAFTWAWIJ,,,,,,,,,,,,
RODWVBEUCY,,,689.8515978250716,688.6201480969377,,,684.9257989125358,,,681.231449728134,680.0,
GSCFASPOPT,,,,,,,,,,,,
NGYJMPNLYK,,,,,451.5410811685945,,,424.77054058429724,,,,
RJGUNVDYRQ,,911.375766939823,,,866.2505112932154,,836.1670075288102,,,,,
TMBGYMSKVO,1224.17777444317,,,,,1208.588887221585,,,1199.235554888634,,1193.0,
JELQLBEZSJ,,,,,1326.134251519242,,,,,,,1204.6442914134595
NGKICRQMFB,,,,,,,958.6197669629662,,,,,
YMXCGZPWQT,,4279.403841143017,,4252.869654222347,4239.602560762012,,,4199.801280381006,,4173.267093460336,4160.0,
RSABNHYRFO,,,1128.2646568105542,,1095.4484926079156,1079.0404105065963,,,,,,
GHQHDIQXOV,1157.9787342073862,,,,1118.3872405244317,,,1088.693620262216,,1068.8978734207387,,
ZTRZJCUATP,1479.3972769833222,,,,,,1400.5589107933288,,,,,1334.8602723016677
NRSKJFYWXA,,,,1027.0334452054203,,,1018.8762544030974,,1013.4381272015487,,,
DJUQVKRBET,,,,,,,1025.8268859417653,,,,987.0,
LKVNMNHYPU,,,872.0906004563396,866.5792753992971,,,,844.5339751711274,839.0226501140849,,,822.4886749429576
OOSINSDOWG,,,979.1723416016808,,,,,,,,,
RMVLGOICLK,,,,,,,1080.0359058213044,1068.2769293659783,,,,
GECHJOOSJQ,679.9628224265026,676.1665401838524,672.3702579412021,,664.7776934559016,660.9814112132514,,,649.5925644853005,,,
GYHAPSNIOR,,,,,,,,,,,,
BDYPEFCLQV,1093.5718996746061,1080.0147097071454,1066.4575197396848,,,,1012.2287598698424,998.6715699023819,985.1143799349212,,,
RHHMUANMDV,,,,1008.0795722286241,,984.3425515918743,972.4740412734994,,,936.8685103183749,,
IVUYFUQAQD,1164.5081802025472,,,,,,,,,,,
ACJEFBARHM,,,,,,,841.7908937975548,,,,,
ORPNYUWFHI,,,,,,,,703.0673421760562,,,,636.3108859413146
PTUTRKQUMJ,923.6027202843113,,,923.1219041990179,,,,,,,922.0,
VFLAGRUHJC,,1065.6048786864308,,1042.8037945338906,1031.4032524576205,,1008.6021683050803,,,,,
ABOOLIDWAF,,970.5079376355095,,,962.671958423673,960.0599653530609,957.4479722824487,,,,,
UYSGJHGPYG,,1015.9982153801502,,,,967.9990085445279,,943.9994051267167,,919.9998017089056,908.0,896.0001982910944
RPBTMUOHLQ,,,,,,,,,,,,
JMASONDPFJ,,,,,2656.367930111915,,,,,,,
MELHJGFCEJ,,,,,,807.2597141014522,,787.1558284608714,,,757.0,746.9480571797095
RZEICKMLTW,,,,,,,,,,,,
CYPTNQGHNF,,1207.6350357854365,,,1178.7566905236242,1169.1305754363536,1159.5044603490828,,1140.2522301745414,,,
XOOJOMYUES,,,968.0331575589256,,939.2748681691942,924.8957234743285,,,,,,838.6208553051343
WBSSJSZGTW,,,,1242.4572369476837,,1223.7551692483453,,,,,1177.0,1167.648966150331
XHPCJLIJOG,,,,,883.2373220386442,,,838.6186610193221,823.7457740128814,,,
XZSJGDJGHB,,,,,,,,,,,,
FSWHUOWHGV,,835.8608365761407,831.9874102899029,,,,816.4937051449515,812.6202788587136,,,801.0,797.1265737137621
LQBWBXBLLO,,876.074740027474,867.9553244688658,,,,,827.3582466758247,,811.1194155586082,803.0,794.8805844413918
FACEGEHQAF,,,,,,,965.6316404160576,,,,922.0,
RSQVMNDIAZ,,,,,1374.2725403651887,1362.7271169709904,,1339.6362701825942,1328.0908467883962,,,
LOCUZCSSQA,2391.3813608166215,,,,,,,,,2251.5381360816623,,2220.4618639183377
KRIBMVLTAG,1069.5118243052623,,1044.0094594442098,,,,,,,,,
XYDALSNCWR,902.9936595273407,885.2942935746066,,,,,796.7974638109363,,,,726.0,
VNGSLOKTDA,,,,646.6643790315416,,,,,604.761251151869,,,
VZLIXTIWCC,552.1552223766512,545.2397001389861,,531.4086556636558,,,,,,,,
ARYRCKBIZM,,,625.4666921188361,619.9083556039816,,608.7916825742726,603.2333460594181,,592.1166730297091,586.5583365148545,,575.4416634851455
TSCUHHJCOG,,1199.9049273330088,1193.3599354071189,,,,,,1154.0899838517796,,,
PKQHHFFKYX,848.1601482492019,845.3441334242817,842.5281185993615,,,834.080074124601,831.2640592996808,,825.6320296498404,,820.0,
APRRFFYBTA,,686.674946392256,,,,,,633.5583154640854,,,,598.1472281786382
ZPOKCQYASC,,,,,987.3038445444678,,,961.1519222722338,,,,926.282692575922
WBBTOJTNXP,,669.5950665992207,,,,,655.3755851552093,,649.6877925776046,,,
KXXXHINJPL,,,,,,894.6030821478173,,,,,,
JZCNFFVSLO,,,,,,,,,,,,
VILCHNXOTR,,,,,,,,,,,,
FLQETAPNDW,913.8005134810248,,,,898.6803080886149,,,,,,876.0,872.2199486518975
QTHSJXYXRY,,,,,973.3734320406458,,936.2489546937638,,,880.562238673441,,
OWFCJYRVQR,,,,927.8713927867367,,924.7652805619548,923.2122244495638,921.6591683371729,,918.553056112391,,
WYOEXHRHAR,554.8794185505711,,,,,,436.15176742022845,,,376.7879418550571,357.0,337.2120581449429
RZYDOCDDQS,,,1058.6772292009541,,1057.0079219007155,,1055.338614600477,,,,,1051.1653463498808
ZZGPPBNNXA,926.120397536713,,906.0963180293704,896.084278275699,886.0722385220278,,,,,,826.0,
UWXYMPIKOL,,1010.4720868892516,,,953.981391259501,,916.3209275063341,,878.660463753167,,841.0,822.1697681234165
UNJWEQZXEZ,,,,1164.434467311545,1148.9438291241813,,1117.9625527494543,1102.4719145620907,,,,1040.5093618126364
AKSFMQJULW,,1096.4712219603164,,,,,,,,,,
WKTHMWFGGO,,,,,,,,,,,,
SZQTIWAHAY,,804.7040598334802,,780.1031576482624,,755.5022554630445,,,,,,
TYECQSYYIR,,,,,,,,,,,,
AEFKOECHAX,,,,,994.3030101737263,,,943.6515050868632,,,,
MLBNCDBRUW,,,,,,905.9607979672926,900.768638373834,,890.3843191869171,,880.0,
ZKRSVUDIZZ,,,,,,,,,,,,
KZFGHKJTYW,903.8678478938981,,,900.3074935257287,899.1207087363389,897.933923946949,,,894.3735695787797,,892.0,
EQOZIDAVPA,,3660.492463620792,,3631.0496939272825,,,3586.8855393870185,,,,,3513.2786151532455
KRWWXBNCJW,982.4603397436147,968.2143057692532,953.9682717948917,939.7222378205303,,,,,,,,825.7539660256385
LOTIAZBJVS,666.5532166414628,660.3978949773165,,,,635.7766083207314,,623.4659649924388,,611.1553216641463,605.0,
HEAJTMJFWD,,,,,,,,3993.6878376625864,3977.125225108391,3960.5626125541953,,3927.4373874458047
PDBAFSTQBO,,1223.224224278336,1205.199310469632,1187.174396660928,,1151.12456904352,1133.099655234816,,,1079.024913808704,,
HYHHAVHBQE,,,,1289.9677344520578,,1281.4055246086127,,,,,,
AJVSNPEVFN,,,,,,,,,,,843.0,
IIVSLBHDGL,773.8661977609603,771.2795779848642,,766.1063384326721,,,758.3464791043841,755.759859328288,,750.586619776096,748.0,
FNFYCKCWHP,,,,,897.5698806731918,,,890.7849403365959,,,,881.7383532211347
YSNUVORUHY,,971.8132833983371,,961.8547759764845,,,,,936.9585074218527,,927.0,
MFREUGUJLW,893.4338514972578,883.590466347532,873.7470811978062,863.9036960480805,,,834.3735405989031,824.5301554491773,,,,
NAVDULJLZQ,,,,,,,,,,,,
SUJGPRRHZH,,,,,,,,,,,,
LPPUGZVNAU,1057.0342602775906,,,,,,944.8137041110363,,907.4068520555181,888.7034260277591,870.0,
FBMADFZMRB,,,1551.4368249481133,,1526.077618711085,,,,,,1450.0,1437.3203968814857
PGNOTHINCW,,,,,,,1105.0243199837157,1089.018239987787,,1057.006079995929,,
VBUTJBXNKQ,,,,,,,,,,,,
ITOYMRTQCT,,,,,,,,,,,,933.3529340988338
IMQMABNJWX,1031.3315296476906,,,,,993.6657648238453,,,,,,948.4668470352309
ZQDHHJKDAF,,1140.5400263310132,,,,,,,,,1005.0,
UJPRSAXFUV,,,840.5011792066142,838.1885318057874,,833.5632370041338,,828.9379422024804,,824.3126474008268,,819.6873525991732
YVHWPJTXPU,,,,,,,,,,,,
KFKKEHMYMC,897.2771708097573,,,,,,875.5108683239029,,,,,
VWVIMDTJFI,,869.9978880471315,,869.3316907033245,868.998592031421,868.6654933595174,,,867.666197343807,867.3330986719035,,866.6669013280965
OPSBHSYXRP,,,,,645.4296765509403,,,,,,,556.2617205748433
UJQSEVMDYX,,,,836.6083019168717,,810.1487870834798,796.9190296667838,783.6892722500879,770.459514833392,,744.0,
XSHQRJFHTP,,,1016.4318207643056,,,,,,,,,
WJXOVUBUNI,,,,568.1681999624878,,,552.6675428357073,,542.3337714178537,,,
BHAGFLJIYO,1342.4261572836401,,,,,,,,,,,
MUSFTOLLOE,678.261619391212,665.0354574520908,651.8092955129696,638.5831335738484,625.3569716347272,,598.9046477564848,,,,,
ZBOMLBDQRS,,,,1056.4616300220825,,1037.4725928729163,,1018.4835557237496,1008.9890371491665,,990.0,980.5054814254167
NNYENYMMFF,698.2883704032071,,,666.4018592822449,,,,,,602.6288370403207,,
CRVTXIVQLM,769.3126413372235,,746.8501130697788,735.6188489360565,,713.1563206686118,,,,668.2312641337223,,645.7687358662777
ZQJTWPLXGH,,,,,,587.9171274701864,,,,,,
BRKTJSHLSI,,,,,313.5548306371023,299.79569219758525,286.03655375806824,,,,,217.24086156048295
DOUPSHKBMF,,,,,,,,,,,,
BPYKMNQMAU,,,1101.9595459061434,,,,,,1086.989886476536,,,
ESHGLXQIML,,,531.3664087581429,,498.52480656860723,,465.68320437907147,,,,,
RVCFUVLVTF,,,937.761021895172,926.2908941582755,914.820766421379,,891.880510947586,880.4103832106895,868.940255473793,,,834.5298722631035
BKXXEDIGQH,,,1164.0975432329624,,,,,,,,,
CRHRUNTBIR,,,,,881.8020014514841,,,,,,783.0,
OCIYBIRSOM,,922.7785139035501,905.1364568031556,887.4943997027611,,,,816.9261713011833,,781.6420571003945,,
DSJYFDRVUS,,,,,,,,,,,,
CQTQVTQTAP,,1017.160762428145,1016.8095666027955,,,,,,,,1014.0,
IFRZIDQDNV,,,,1060.9978865549256,1053.9981884756505,,,1032.9990942378251,,,1012.0,
HSZFYSFNEU,1044.638798849461,,,,,,,,1032.9277597698922,1031.4638798849462,,
FFDTVBPCSH,1183.5965796136888,,,1171.7176057295821,1167.7579477682134,,1159.8386318454754,,,,,
ZDPVJRMOWE,,,,,,797.2770332008344,,,,,,
AXUKTWQYRE,,,,994.8762345540622,979.1796296177675,,,,,,,
PERQZKKTIE,,572.0765593477018,,,,,,,,,,
YROOIQIUIF,,,,842.6130779204859,,,,,,,,
DCSMYNCNLS,,,905.3159821183119,,903.986986588734,,,,,,,899.335502235211
ZBFADBZJZW,,,,,,,,,,,503.0,
BQVXVIRMTC,,,1182.5267846327372,1162.585936553645,1142.645088474553,,,,1062.8816961581842,,1023.0,
VQIPCGLZRN,,,1046.841102384427,,,,,,,,,
QRQHHHFGHX,,,3501.6897767979353,3497.9785546981934,3494.2673325984515,,,,,,,3468.288777900258
BNPFBSAIAK,,,,,1197.2422136244697,,,,,,,1073.2929643959217
OHXXVFHYNQ,,914.2200454001179,,908.6155908667583,905.8133636000787,,,,,,,
RMRHKDDALX,,,,,,,,,,803.0316656826582,802.0,
LBCBFYACHE,1124.509515157314,,,,,,,1106.6528545471942,,,,
JJVPRWQAXW,,,,,,,,,,,,
UZIWYMUATR,,673.4759334032966,,671.8146148692307,670.9839556021977,,,668.4919778010989,,,666.0,665.169340732967
JUGUQLSHSN,584.8137251030557,568.7323525927502,,,,504.40686255152787,,472.2441175309167,456.16274502061117,440.0813725103056,,407.9186274896944
BIVUDTLJHX,926.3334903492831,914.7001413143548,,,879.8000942095699,,,844.9000471047849,,821.6333490349283,810.0,
NVMPUDBQQA,1119.9567959967428,,,,,1096.4783979983713,,,1082.3913591993485,,,1068.3043204003257
DFAZOXUYJI,,,,,,,,,,,,
OTMFGRFNCH,733.913455120857,725.8221096087713,717.7307640966856,709.6394185845999,701.5480730725142,693.4567275604285,,,,661.0913455120857,653.0,
DYWLWPOYVQ,1008.8388921972107,,974.2711137577686,,,,,887.8516676591632,870.5677784394421,,,818.7161107802789
DCAMQCFZAO,,,,,,1121.2984216210525,1106.838737296842,1092.3790529726316,,1063.4596843242105,,1034.5403156757895
GABJNWXFHI,996.6499736522921,,987.1199789218336,,,,,963.2949920956877,958.5299947304584,,,944.2350026347708
EGGMITFTTW,1132.7582362141259,,,1121.730765349888,1118.0549417284756,,,1107.0274708642378,,,1096.0,1092.3241763785875
VJFRNLJGIS,1300.4314682012712,1286.488321381144,,1258.6020277408898,,1230.7157341006355,1216.7725872805086,,,1174.9431468201271,1161.0,1147.0568531798729
BZJYOKJJJK,,,,,1054.1696238007119,,,,,1010.6949373001187,,
BVXYUAOXMU,970.6562613591841,,,952.4593829514289,,,,,,,910.0,903.9343738640816
IUJALUPHTW,,,1010.835473139595,,,,,,992.9588682848987,,987.0,
PQSQJQSRST,,1121.9600072216926,1112.8533397526157,,1094.6400048144617,,,1067.320002407231,,,1040.0,
STSZOWYNHA,,1048.7250762517403,,1039.2306148624648,,,,1020.2416920839134,,1010.7472306946378,,
VXIJNDYZHP,,,,,,,,,,,,
TRKEJOBEFT,,,,,,,,,,,,
SQGLOOWYPF,3388.516414100281,3379.264772690253,3370.013131280225,,,3342.2582070501403,,,,,,3286.7483585899718
SXISLDPIIZ,,,1327.0427362659852,,,1273.0267101662407,1255.0213681329926,1237.0160260997445,,1201.005342033248,1183.0,
GLRCKWJKLE,,,,,,904.2706733417981,,,,842.4541346683596,,811.5458653316404
VRJKQMQALX,,856.6195569485373,,,,,,,,744.9577285498375,,717.0422714501625
LUKAUAZKEO,,,,,932.833286315726,927.3610719297717,,,,,900.0,
WHOMOISTIV,782.5485462299921,,,,,,742.6194184919968,,,722.6548546229992,,709.3451453770008
KGGEJDYSYV,,,,,,,,,,,,
WSKVXAGPGI,,1170.8432328931697,,1137.100292250243,1120.2288219287798,1103.3573516073166,,,,1035.8714703214632,,
SWWWGITQTU,,,,,,,,,,,,
ECBLPNMCPA,,,,,,,861.730712099296,,,,,
KNXNOMQURN,1686.6754468788295,,,,,,,,,,,
DFNMGMDNFJ,,,,933.1185760383452,,,,,,,,
LZKJFIHUXS,,,,,,,,,,,,
APNOERDVZU,,1003.332804277416,988.518048246592,973.703292215768,958.888536184944,,929.259024123296,,,884.814756030824,,
RKSXPKVUUM,,,,,,980.9042430271346,,,,,,
ABUPEJFFSW,,985.7388475432197,,,,967.6326930795665,963.1061544636532,,954.0530772318266,,,940.4734613840867
OLDYRYDWJS,,,1371.4892107575504,1363.4280594128566,,,,,,,,
NIOZRNQRMV,,,1212.0017594810035,,,,1133.5008797405017,,,1074.6252199351254,1055.0,
GDUOPJIHGY,,,,,608.9348383879593,,,,,,,
OUSCWHZIXY,,,,,,,716.9993557488945,,,,,
VWWKXQGFHO,,,,,,,,,,,,
ECDLBZMSOA,979.4199178335391,,,,923.6519507001235,,,,867.8839835667078,,840.0,
KZFWUTKMJX,,,,1187.5294288749647,,,1175.7311022142655,,1167.8655511071327,,1160.0,
HEJIPWPMYR,,,,,912.4771596021495,,909.3181064014329,,906.1590532007165,,,
BZEHVHGQVU,1070.6550651113857,,,1061.75854557797,1058.7930390668314,,,1049.8965195334158,,1043.9655065111385,,
LGXBXMWCWC,1454.6134005360195,,,,,,,1389.084020160806,,1370.361340053602,1361.0,
KYNJZKOHJS,,,1252.5579267271182,1232.9881858862284,1213.4184450453386,,,,,1115.5697408408898,1096.0,
XCDZTZSZSQ,,,,,,,,,,,,
FKKNINPVFV,,,,,,,,,,,,1027.9071111827764
JJPDPHUHSS,,,,1071.6554408823758,1051.8475207563222,,,,,,933.0,
ISDYFDVJTR,,,,,,1190.0299529365561,,,1148.0119811746224,,,
HKHBIREACO,,960.9482813435552,952.954027860938,944.9597743783207,936.9655208957035,,,,904.9885069652345,896.9942534826173,,
XBWFHIPRJN,,,755.0516217288318,744.9201690127279,,724.65726358052,,,,684.131452716104,674.0,
CNONYEABYT,,,,,,,,,,,,
LFMHGMOBJO,,1006.7718523169053,1003.2416465039158,,,992.6510290649475,,,,,,
EKQNXGSQLH,1010.0490310582469,1000.6441279524222,,981.8343217407728,972.4294186349481,,,944.2147093174741,,,,
SPHMBBGALS,,,,,,,,,,,,
AFFRDIOZZX,756.0698822852326,736.2628940567092,716.455905828186,696.6489175996628,676.8419293711395,,,,,577.8069882285232,558.0,538.1930117714768
ZPUZYFBWVU,,,,,,,,,,,,
ZHYNNKHNJW,853.3002572318724,,,849.3101800623107,,846.6501286159362,,843.9900771695617,,841.3300257231872,,
JMBJKIYLIX,,878.1951299067052,862.5067821392936,,831.1300866044702,,,784.0650433022352,,752.6883477674116,,
NKPAHCJJSA,762.8086862936498,761.5278176642848,,,,,755.12347451746,,752.56173725873,,,
HNZQATMNIQ,,,,,,,,,1265.0250916810012,1253.5125458405007,,1230.4874541594993
XLHGTFYBYA,,1440.4674065379372,,1410.3635384183956,,,,,,,,
CIEOGSMIWI,,,870.2797315819814,,,863.4248322387384,,858.854899343243,,854.2849664477477,852.0,
TLJXCXEHDF,,757.9963793935372,753.8856705720331,,745.6642529290248,,,,729.2214176430083,,,716.8892911784959
XLEIWUYQAG,,,931.0820147700321,,,895.05125923127,,,859.020503692508,,,
UPIZBELAZM,,,,,,,,,,,,
AVXGYBVDTK,1363.869603060955,1345.0826427548593,,1307.5087221426684,1288.721761836573,,,1232.3608809182865,,1194.7869603060956,,1157.2130396939044
KNVYHZMKVM,,,,,2691.891828937961,,,,2675.96394297932,,,
WDPCOUYCAG,888.7276541237231,880.5548887113508,872.3821232989785,,,,839.6910616494893,831.5182962371169,823.3455308247446,,807.0,
IJTTNJSDZY,,,,,982.4258087240754,,,,,,,
XBRFCAJREA,,,1083.2766556792487,,,,,1006.2287458797183,990.8191639198121,975.4095819599061,,
SLWXBYPILE,,1065.351272383728,,1026.3843229651218,,987.4173735465156,967.9338988372124,948.4504241279093,928.9669494186062,,890.0,
MWJMUWAPDB,,,,,789.9261055654283,,,,,751.6543509275714,,736.3456490724286
TFMEDUYFEE,,,,,,,,,,,,
AGUINTTMBO,,,,,,,764.8432646949813,745.882448521236,726.9216323474907,,,
YPHCIGOUMA,,,678.7711312815072,,,626.731957050942,,592.0391742305652,574.6927828203768,,540.0,522.6536085898116
ZOXBLUZKQT,,,1022.621806809911,,999.2163551074333,987.5136292561943,975.8109034049555,964.1081775537166,952.4054517024778,,,
EQZQQJBEBD,853.9866876692888,,,,,,,,,,,
BDSMBXKSJS,,,,,,1090.1992030601994,,,1064.2796812240797,,1047.0,
QEASLZGSJJ,,831.0831874611858,827.0739444099429,823.0647013587001,819.0554583074572,,811.0369722049714,,,799.0092430512428,795.0,
ZIYGDCAWZI,1054.412964932147,,,1048.5890754525028,,1044.7064824660736,1042.7651859728587,,,,,1033.0587035067854
HPNYQPTUAM,919.1005721527055,,,,,860.5502860763527,,,,,802.0,790.2899427847294
BKVCNOPUWR,,,,3500.946768662015,,,3454.2552963782946,,,,,
CARMHKVUVJ,1230.1041379231608,,,,,,,,,,1032.0,
XXCUASZAPK,,,,,,,,1056.5495071933103,1048.6996714622069,,,
OIHMCNKDDD,730.4862225270285,,,,,,,,,714.7486222527028,,711.2513777472972
ROQBJMIPWA,845.1407927630346,834.7267134867311,824.3126342104276,813.8985549341241,803.4844756578207,,782.6563171052138,,,,,
MFMVVAJQGN,,,,,,,942.9938133540239,,904.9969066770119,885.998453338506,,
UDWYLAHAFC,,1025.24568087962,,,,,980.1091915020534,971.08189362654,,,,934.9727021244867
GDKOCNOPMY,,,1154.0628437637636,,,,,,,1065.6328554704705,,
JYZCBUNNFK,,1067.0743902082222,,1031.9467479397285,,,,961.6914634027407,944.1276422684939,926.563821134247,,891.436178865753
CQYBEKIFSY,,,,,,841.9158669241726,,,811.3663467696691,,,
FHWLUPRNIC,1077.285589502656,,,,1013.9713537015934,,,,,,,903.1714410497344
MMVGETWQCB,,,,4067.490719731925,,,,,,,,3994.9298971811536
RUBYLAZFLZ,,,,,1138.676007013717,,,,,1127.2793345022862,,
EEPHTWEQVQ,,1242.1073329083724,,,1215.4048886055816,,,,,,,1153.099185232403
GFTKRBWPET,1050.4856118060447,,,,,994.7428059030224,983.5942447224179,,,950.1485611806045,,927.8514388193955
VSDWLEMGBA,,1226.2175338182965,1215.3044745051525,1204.3914151920085,,1182.5652965657202,1171.6522372525762,,1149.8261186262882,1138.913059313144,,
UNHSHOXANZ,,1316.8453356774914,,,,1267.5807420430508,,1242.9484452258305,,,1206.0,
IJYCVIHERV,,,,,,,,,,,,920.2368082669949
MHLOXGLTNF,,631.8716697595667,,599.6779653685518,,,551.3874087820296,,519.1937043910148,,,
RTLEIFFUIK,,,,1056.8335400404849,,,1032.0477371659913,,,1007.2619342914978,999.0,
IIJUIMSGOR,,989.9946393994757,976.5507905773118,963.1069417551478,,,,,,882.443848822164,,
GQQNDRHVYC,453.64439423141016,,,,,,393.25775769256404,383.19331826942306,373.128878846282,,,
BMXDBLSOWB,,,,,,889.1010356524647,870.8808285219718,,,,,
YVCJKBDOYD,,943.2409291217183,930.6586036637495,,,,,,,,,
JPTVRNJCKB,,,1139.9651240031908,,,,1111.4825620015954,1104.3619215011965,1097.2412810007977,,1083.0,
ZXWBHFBPNE,,,,,,,,,,,,
DJVCTUQTEQ,1241.849521202938,,,,,,,,,,,
DFJCVLKJAL,3857.687142648281,,3832.549714118625,3819.980999853797,,,,3769.7061427944845,,3744.568714264828,,
QOXJHBCURC,,,693.9603473023257,677.9653038895349,,,,,,,,
QZNMEQXYCI,,,822.0833771738846,,788.3125328804135,771.4271107336779,,,720.7708442934712,,687.0,670.1145778532644
BMOQJWLRQC,,,928.8152504758309,927.963344166352,,926.2595315473943,,924.5557189284366,,922.8519063094789,,
AYZFUQLWZE,,,,,,,,,,,,
UPMMBNBBKC,,,,,,,,,,,,
AVOTBQEAQU,,997.6383099509253,,,,926.6879499727363,,,,,,
LPAWAKVIFX,1026.6846157785421,1016.1161542006879,,994.9792310449795,984.4107694671253,973.8423078892711,,,,,921.0,
VTRLHCGDCC,,725.3161012861914,,721.4680787781489,719.5440675241276,,715.696045016085,713.7720337620638,,,,706.0759887459787
ERHJPMSYAO,,,,,,,,,,,,
ATETEKUJQR,,,,1112.9312312234729,,,,1076.399099095774,,,,1039.8669669680753
DUHPUAXRNZ,,,,,,,841.4112112870696,,,802.8528028217675,,
XAGFOIIIIT,3209.4215710623907,,,,,,,,,,,
OJGEATAMES,,,704.152148676091,,694.8641115070683,,,,,,,
KTJVKIGLJM,,,,,,,910.1073690746873,,,853.0268422686718,,
KZAXUYLJML,,990.8916847385758,,,,949.606491521431,,,,,,
UBXXZMUCWZ,,1184.652773575131,,,,,,1117.5509245250437,1106.3672830166959,,1084.0,
JDQEKEOALZ,,,,,,,,1013.0871349931324,,,,
JRDJFYOZEQ,,,1036.40479796433,,,1014.8779987277063,1007.702398982165,1000.5267992366238,993.3511994910825,,979.0,
MWQQRFJUFS,780.7787993996986,,,,,,757.5115197598794,,,,,
ARDNXYHZRS,,724.3196625576632,,,,,,,,,671.0,
RPJYKKUQYB,,711.2221149129423,705.4196577003931,,,,,,,664.8024572125491,,653.1975427874509
UELIESHMOC,,,,,,,1089.0501645458207,,,,,
WWCVLPJQOR,1040.4721435156612,,1018.577714812529,1007.6305004609628,,,,,,,,920.0527856484339
KMIECTSEUK,,,1044.5731824229752,1028.6265346201033,,,,,,,917.0,
SAWBDEEYNF,,,,,,,,,,,,
GHJOQIKSAE,,1133.9560623835246,,,,1109.5311457686248,,1097.318687461175,,,1079.0,1072.893770846275
LURFQENTZH,966.1116627534564,,,,,,954.0446651013825,952.0334988260369,,948.0111662753457,,
QDHHXUEOVW,1393.8932063230234,,1380.5145650584186,,,,,1347.067961896907,,1333.6893206323023,,
DFBUYJBZXT,1098.1417597693217,1090.2275837923894,1082.3134078154574,,1066.485055861593,,1050.6567039077286,,,,,
QJTLEBGOYR,,,,,,,,,,,,
HWDUYYTFMM,,,,1123.9968054874064,1123.568690417777,1123.1405753481474,,1122.2843452088885,,,1121.0,1120.5718849303705
UPLUBHYKLG,,,,505.55756695466476,,,453.8900382598084,436.66752869485634,419.4450191299042,,385.0,367.77749043504787
AFVQYTUMQD,,,1019.5181220251629,,1009.8885915188722,,1000.2590610125815,995.444295759436,990.6295305062907,,981.0,
ZXMBGJEKKW,,895.9066679163416,,,,,,821.3022226387806,808.8681484258536,796.4340742129268,,
XZMZWDDHSX,,,,,,,,,,,,
UJAHLCKUZF,,,1025.0791520255043,1024.9442580223163,,,1024.5395760127521,1024.404682009564,,,,
BIRUPUUJHC,,,,,926.5300146900895,922.6083455750746,918.6866764600596,,910.8433382300299,906.9216691150149,,
ICQEVAKTAN,558.3506731614694,556.2156058453226,,,,,,543.4052019484409,541.2701346322939,,,
GNQKCEJSGO,941.708438816117,,,928.5959071712819,,,915.4833755264468,,,902.3708438816117,,
KWXZSRUMSJ,,,815.5026760496346,,807.127007037226,,798.7513380248173,,,,,
UBRNQNSZBJ,,785.8552520293467,,778.7763071339364,,771.697362238526,768.1578897908208,,761.0789448954104,,,750.4605275522948
JKLYORRXCT,,,,910.1493447650158,,,,,,892.0213349664308,889.0,
NBNOYUXDMX,731.50776457089,,,,716.904658742534,,709.603105828356,,702.301552914178,698.650776457089,,
TZZWXRQZHY,,1293.0267833005137,,1285.6874981226217,1282.0178555336759,1278.3482129447298,,,,1263.6696425889459,,1256.3303574110541
IDPAWZXBAL,764.558567132154,750.1027104189386,735.6468537057232,,,692.279283566077,677.8234268528616,,,,,605.5441432867846
KSPJOJUJZB,,,,,,,,,,,733.0,
VFLKFDMHKC,,987.3484873933803,,,,,929.377105508169,917.7828291311267,906.1885527540845,894.5942763770422,,
QEZIPWNHKQ,,,896.7343726575386,,891.050779493154,,,,879.6835931643847,876.8417965821924,,
KWYKBWTOEY,,782.4724747819837,,,,,,687.4908249273279,,,,624.169725024224
IHYERBSHOF,,1083.1709357130683,,,,1057.7616309517045,1051.4093047613637,,1038.7046523806819,1032.3523261903408,,
WCBJTSXATO,959.0433373098462,,,,887.8260023859077,,,,816.6086674619693,,,763.1956662690154
NUXPOGGRCZ,674.6985800468613,,,,669.2191480281167,,,665.1095740140584,,,,659.6301419953139
KJKUKTKDRC,984.8241025205467,,,,,973.4120512602733,,,,964.2824102520547,,
FLALQBPUPW,3287.4966295426348,,,,3230.0979777255807,,3201.398651817054,,,,3144.0,3129.6503370457367
VUGOSXWMDY,,,,,748.0248051390795,735.0206709492329,,709.0124025695397,,,,
CANZIJSQJI,,,792.9223742431906,,765.191780682393,,737.4611871215953,723.5958903411964,,,,668.1347032196012
MSEVQVQQAP,,,1000.7231255528901,989.1327348587789,,965.9519534705563,,942.7711720823338,,919.5903906941113,,
IMNKVZHUKV,,,,,,,,,,,,
RHOJTROOJW,,959.6820388222242,,954.6415857506188,952.1213592148162,,947.0809061432108,,,,,934.4797734641974
BPLHSEJFUT,721.6722822985976,,688.5378258388781,671.9705976090183,,,622.268912919439,,,572.5672282298598,556.0,
WGTZWGJSPY,,,,,,,,1132.8244292204959,,,,
ORBDRDWFAS,,1102.9559310929033,,,1070.637287395269,,,1038.3186436976343,,1016.7728812325448,1006.0,995.2271187674552
FSWIDYANSE,,,,,940.948077219078,,,890.974038609539,,857.6580128698463,,
USLZUVMPSS,,655.824884384982,,,626.5499229233213,,,,,,568.0,
INQSNXREBH,711.7098151372543,706.9388336235288,,,,,,678.3129445411763,673.5419630274508,,,
ZSFLMDVUKQ,,,1190.1632706551604,,,,,,1090.2908176637902,,,1040.354591168105
THSBBTUJXA,,,823.8077100525841,,,808.5048187828651,803.403855026292,,,788.100963756573,,777.899036243427
TGIQIOYXHP,,,1167.0048195387933,1166.629217096444,,,,1165.1268073270476,,,1164.0,1163.6243975576508
BOGNXQEVRW,976.6381827506303,,,940.7467279254413,,,,,880.9276365501261,,857.0,
NNFMTBILJI,1075.6020066388053,1055.7418059749248,,,996.1612039832831,976.3010033194026,956.440802655522,,,,877.0,
NGCOSSODBV,,,,,,685.6036576582511,,670.5621945949506,,655.5207315316502,,
LQJTUINKFC,1311.2563023461385,,,,,,1200.7025209384553,1182.2768907038414,1163.8512604692278,1145.425630234614,,
BXCFGQXBVE,,,790.0627281232951,,,,782.5313640616475,780.6485230462356,778.7656820308238,,,
CISHCYPBVN,,,,,691.8808812360135,680.0674010300113,668.253920824009,656.4404406180067,,,,609.1865197939977
KGVCGXIUMT,,,,,,,,,,788.1164248227254,,
EODIKAWLSR,1307.1957771143414,1287.876199402907,1268.556621691473,,,1210.5978885571706,,,,,,
ZMIGMHSBJA,,,,1052.945520818337,,,,,,,,
TWMZEWPFJF,908.4560118073723,905.1104106266351,,,895.0736070844234,891.7280059036862,,,,,,
NBSZLBZNBY,689.9546360324247,684.9591724291822,,,,664.9773180162124,,,649.9909272064849,,640.0,
NPWJFINJBR,,,,,,,,,,1272.519984735342,,
GQYMEGMIRN,1025.4961759772561,1017.6465583795305,1009.7969407818049,1001.9473231840793,,,,970.5488527931768,,,,939.1503824022744
MXLLGMMCYK,1016.5744141130665,,,972.9020898791466,,,,,,,,
BZIBDAXJYE,,,,736.838009195269,,718.8842922823351,709.907433825868,,691.953716912934,,674.0,665.023141543533
ZJHVXHKYBM,763.5670832007046,,,,700.9402499204227,,669.6268332802819,,638.3134166401409,,607.0,591.3432916799295
RZIIKGHIFW,,,,,,,,,3600.4437978834294,,,
MMVTJYPCIP,,,,,,,,,,,,
OTBFMTBJSV,1188.334571937575,1185.3011147438176,,,1176.200743162545,1173.1672859687876,,,,,1158.0,1154.9665428062424
YXIHDRTWTA,,,,,,,966.7996084131792,,958.3998042065896,,,945.8000978967052
VYIECIVRGY,,,,920.7225127045023,917.3335823181447,,,,,,,
KUXFFTEFDB,764.1495182511577,,,759.3046627758104,,,,,,,748.0,
HEOLJLAQEK,674.1497158750368,673.7347442875331,,672.9048011125258,,,671.6598863500147,671.244914762511,,670.4149715875037,,
ZTZGMMNNLK,,749.9108142127334,,739.9306332765703,734.9405428084889,,724.960361872326,,,,,700.0099095319185
VGHVWGJVWL,865.4876579995985,860.3388921996386,,,,,834.5950631998394,829.4462973998795,,,814.0,808.8512342000402
WQSPSBSWCF,,818.5817031604905,807.5170694759915,796.4524357914926,,774.3231684224947,763.2585347379958,,741.129267368998,,,
RWUMJAFZHX,790.5393615180442,775.4854253662397,760.4314892144353,,,,,,,,640.0,
RKDEOJHHLJ,,,,,703.9060094285355,703.755007857113,,703.4530047142678,,703.1510015714226,,
WZMNIKXZHS,1177.738149290379,,,,,1150.3690746451894,,,,,,1117.5261850709621
WEKGLSBSWL,,1062.6493451349795,,,,,977.8441533933243,,943.9220766966621,,910.0,893.038961651669
GMTNJICKGZ,,824.8946475459632,811.9063533741894,,,772.9414708588683,,,,720.9882941717736,708.0,
YEWZCKFRNJ,,,,,,,,,,,,
VOMQZCXJBK,,,,,,,,,,,,
QMMTXHWMPT,1278.9187414005537,,,,,,,,1202.1837482801106,1192.5918741400553,,
TSWWBQMWBY,,,,,1066.3096345531972,,,,,,,
LARWIVWOQG,1160.2232577431841,,,,1114.9339546459105,,1092.2893030972737,,1069.6446515486368,1058.3223257743184,,
NKNIAZTLTW,,,,,,,,,789.3980944932952,,764.0,
HHBLBIKPWK,,,,,,,,,,,,
HIXRTMUFYN,,,,,1314.8117044154396,1311.8430870128664,,,,1299.9686174025733,,
GIQDECQWEO,,,,,,,,1120.2097939665239,,1108.7365979888414,,
CKUITYXGKT,,,,,,,,,,,,
OSTYZMYCTH,1212.7072843751826,,1174.365827500146,,,,1097.6829137500729,1078.5121853125547,,,,
AADIOXNVYB,860.9332797851167,,,822.8532958495817,,797.4666398925584,,772.079983935535,,,734.0,
VPLLTFOEGS,1032.1255293712418,1016.3129764341176,,,968.875317622745,,,921.4376588113726,905.6251058742483,889.8125529371242,,858.1874470628758
YUCIRWUORO,,904.1253538295474,901.5558700707088,,896.4169025530316,893.847418794193,,888.7084512765158,,883.5694837588386,,
WWDPXWROND,626.522539952897,609.7702859576073,,576.2657779670278,559.5135239717382,,526.0090159811588,,,,459.0,
AIXYITKSZA,926.7697693673765,,,,,922.3848846836883,,920.6309308102129,,,918.0,
VFQRXYKKWU,1086.74057346204,,,,,,,1084.122172038612,,1083.374057346204,,
QCCMBCNXUF,1098.839987260667,,1065.4719898085336,,1032.1039923564,,,,,948.6839987260666,932.0,915.3160012739334
GLXJMPSRUL,,,,,,960.5224651934766,956.8179721547813,,949.4089860773906,,,
QDSWXZOTZF,,,,1202.947005891484,,,1202.1125747951337,1201.8344310963503,1201.5562873975668,,1201.0,1200.7218563012166
TYTBFKTXSQ,606.6779157227784,,,,,,599.6711662891113,598.5033747168335,597.3355831445557,596.1677915722778,,
MPRQRDJDEZ,,,,,4066.3915993577407,,,,,,,
RGZWGSSDAD,,,,,,,,,,,750.0,
AITPUKTYAY,,,,684.5935983157925,683.6516556992508,,681.7677704661672,680.8258278496254,,,678.0,677.0580573834582
ZJJHBKHXFW,,,860.5764168404388,843.8793647353839,,810.4852605252743,793.7882084202193,,760.3941042101097,,,
SGYTWAWGKE,,762.8532941200646,,,,,742.3792418311398,738.2844313733549,734.1896209155699,,,721.905189542215
AOSEONVBWY,,,,1134.3192074641206,,,,,,1038.9027439234458,,
XOFFIKBRPL,,,,,,,,,,,,
FHMRMNSXSL,,975.9769683124765,958.6461940555347,941.3154197985929,,,889.3230970277673,,,837.3307742569418,820.0,
MFTQLPQQSB,,,804.7468162157095,800.9034641887458,797.0601121617822,793.2167601348184,789.3734081078547,,781.6867040539274,777.8433520269637,774.0,
KZWHFIXXHA,,,,,465.2813636498641,,,,,,,445.11977272502264
ZROEJGWDPU,,934.6387110893335,,,,,,,,,,
PXIJSKEODE,1141.340078966217,,,,,,1093.736031586487,1085.802023689865,1077.8680157932433,,1062.0,1054.0659921033782
UCTPQHKHSJ,,,1278.7493099006754,1259.0306461630908,,,1199.8746549503376,,1160.4373274751688,,,1101.2813362624156
SKDCRLUCGJ,,,,,956.8066335457071,,,,,,,
QLBXRQCUWW,,,,,,,,,,,,
QOSNCPLJIQ,,,1071.9295852672612,,,1055.0809907920382,,1043.8485944752229,1038.2323963168153,1032.6161981584075,1027.0,
OTYPXPXKFA,,,,,,,935.0279743620786,,,,,
QQRCICVXHZ,,,,,,,,,,,,
FCFMILDFPB,798.667898188968,782.5011083700712,766.3343185511744,,,,701.6671592755872,,,,637.0,
BCDQOECBAK,,,,1120.9937311243996,,,,,,,,
EXREXSFOCH,1047.168038882402,1028.451234994162,,,,,934.8672155529608,916.1504116647207,,878.7168038882402,860.0,
HCOSLZYXHT,1078.8427675113946,1076.5584907602552,1074.2742140091157,,,1067.4213837556974,,,,1058.2842767511395,,
OFLROCVCCZ,,,,821.759771290338,,788.68555092167,772.1484407373359,755.611330553002,739.074220368668,,706.0,
UPLLREDQIJ,,,,,,,,,,,,
BDSFBZIYYI,,,2664.6570437071346,,2633.4927827803513,2617.9106523169594,2602.3285218535675,2586.7463913901756,2571.1642609267838,2555.582130463392,,
BWPNHOOAAB,,,,,1107.1132789048584,,,,,,,
VZVDSJDXBH,,,,,,,,666.1453564847127,,,,
PXGUEDXBRN,,,,,,,,,,,,
LPVWLJCXWH,,,,,,,,,,,,
GJTAPEFIZL,830.3377503569184,,,,,800.1688751784592,,,782.0675500713837,,,763.9662249643081
LEOMFJVOMY,,870.9781959450743,,837.8719301795022,,804.7656644139302,788.2125315311441,771.6593986483581,755.1062657655721,738.553132882786,,705.446867117214
OYTCSHNDAT,,1405.1620213813599,,,,1349.5344563229778,,,,,1280.0,
YUSQLNPLSX,,,,,,1063.9814970815507,,1038.3888982489304,,,,987.2037005836899
XQPXBCZOIJ,,,1134.3814699048235,,,1084.3634186905147,,1051.0180512143088,1034.3453674762059,,1001.0,984.3273162618971
CJMQTMLBPS,,,,,625.2903049084377,,,,,,620.0,
PLCHKDLOVD,1064.2762429912757,,,1059.0933700938929,,1055.6381214956377,1053.9104971965103,,,1048.7276242991275,,1045.2723757008725
TFFMPRYFNK,,,,,,,1155.5984657288477,,,,,
RSZUCCWEMR,,,,,,,,,,,,
ZEAVJUFDED,,,,,937.7061439072847,,905.4707626048565,889.3530719536424,,,,824.8823093487858
IYXTEYFAJJ,,1149.9632275824138,,1137.749177008544,1131.642151721609,,1119.4281011477394,1113.3210758608045,1107.2140505738696,,,
CHOLHJKIPN,,1049.085160593607,,1027.955124906139,,,,,975.1300356874682,964.5650178437342,,
JCOMBQYHBV,,1007.1922396328769,,997.8161863811264,,,,,,969.6880266258752,,
BVUFFBICGB,,1204.3570876885135,,1204.277734868844,,1204.1983820491741,,,,,,1203.9603235901652
YVJYFHRQFZ,,,,,,,,,,,,
THGSYECTKC,642.642637412951,635.5783736716559,,,614.3855824477706,607.3213187064755,,593.1927912238853,,,,564.9357362587049
JHGPGPBIKR,,,,,,,856.212083590527,,,,,
JIJNZYOYQO,,1019.8030353715649,1018.4915869969466,,,1014.5572418730916,,,1010.6228967492366,1009.3114483746183,,
RJNFFLURMT,,,846.9569983368759,,,,,778.2338743763285,764.489249584219,,,723.2553752078906
CYLCAAZKOB,1163.236176677804,,1123.588941342243,,,1064.118088338902,,1024.470853003341,,,965.0,945.1763823322196
OJSDRBSBUI,,,,1106.6888757274055,,,1065.250786129946,1051.4380895974596,,1023.8126965324865,1010.0,996.1873034675135
BQXDOWHVWI,1028.6571210616514,1020.8914089554862,1013.1256968493211,,,,,,,,,943.2342878938349
AVSFHHSJST,4608.79731056304,4603.117579506736,,,,,,4569.039193168912,,,,
PMVERWMWYG,,1144.8801850619134,,,1144.5867900412757,,,,,1144.0977983402126,,1143.9022016597874
RCIXFCHZVI,,,,847.0514969597361,841.9012831083452,836.7510692569543,831.6008554055635,,,816.1502138513908,811.0,
IYLNTRPXSS,766.0464751534895,,,,,722.5232375767447,713.8185900613958,,696.4092950306979,,,
OASMQQURGA,810.0818312344952,809.1736481110457,,807.3572818641467,,,,803.7245493703485,802.8163662468991,,801.0,
QVHRXEHIBD,,,,,,,,,,,,
GSSJYMOHRJ,,,,,,,,,846.2063717365161,,,
GNRPSAIXQP,,,,,960.0472089071512,,,,,,,
LGQCYITTEX,,,648.5832069828032,642.5103061099527,,,,618.2187026185512,,,600.0,
EHEEOVZZSP,,,,793.0698632849233,,787.9070452035166,,,,,,
PAPGHASVOK,,,,,,1104.5327842648665,1101.0262274118932,,1094.0131137059466,1090.5065568529733,,1083.4934431470267
CMCGNIZCVW,,,,,,,,,3078.2093875181704,,,3044.895306240915
YONQMXBNIN,,654.3216291025757,,649.1390448575589,,643.9564606125421,641.3651684900336,,636.1825842450169,,,
QVNGBKJJYB,,,,,923.2763132768749,,,882.6381566384375,869.0921044256249,,842.0,
AORRSGFGNT,1105.2898170032977,1092.660835302968,,,1054.7738902019787,,,1016.8869451009894,,,,966.3710182996703
UGSAJKLFLY,,,,,,,,,,,937.0,
MKVQOISOGG,1060.6039415820753,,,,,,,,,,,
MXHSZBCHZW,,,,,,327.86657497193966,321.8932599775517,,309.94662998877584,,,
TRRHBGKVPE,,,974.0768193152568,,938.8076144864426,,903.5384096576283,,868.2692048288142,850.6346024144071,,
VLQSYZQLZL,,,1148.5356045368894,,,,1089.7678022684447,1075.0758517013335,,,,1016.3080494328888
HBIIGPQTVU,,,,,,1088.4818610647153,,,,,,
RIFGAIWNMW,615.4285373415313,,,610.7999761390719,609.2571224049187,,606.1714149366126,,603.0857074683063,,,
PZFDMEPLRV,,,,1060.1401141906688,,,,,1028.611461197334,,,
BKHKXMCIYA,,,,,,1026.3843443087187,,1003.0306065852312,,,968.0,
XJFEDVKUDA,,,894.8638760162893,,,888.9149225101808,886.9319380081446,,,,879.0,
ZWFODOFNZC,1182.897895026377,,,,,,1113.3591580105508,1101.769368507913,,,,
OIYTSHHMTK,1157.3430539905958,,,,1104.4058323943575,,,1064.7029161971789,1051.4686107981192,1038.2343053990596,,1011.7656946009404
JKDQSTWWOQ,,1098.9208498095984,,1096.7162165185766,,,,1092.3069499365329,,,,
HJVHBVKMFL,1326.9883164572893,,,1301.4918215201023,1292.9929898743735,,1275.9953265829156,1267.4964949371868,,,,
YTSJSXYLKM,535.8460237087615,,,533.7922165961331,533.107614225257,532.4230118543808,531.7384094835046,,530.3692047417524,,,
OABRTBGJGJ,1420.1118573707543,,1385.6894858966034,1368.4783001595279,1351.2671144224526,,,,,,1248.0,
TVAHXJTXKW,,,,,875.2564599584598,,851.5043066389732,,,,,
LFPNDXKZAN,,,,758.861516263451,750.8812996543866,742.9010830453221,734.9208664362577,,,710.9802166090644,703.0,695.0197833909356
KHKYJCFUSR,,,1107.091657200891,,,,,,,1002.8864571501114,,
IFVALRIWAU,1169.2220465750968,,1155.5776372600774,1148.7554326025677,,,,,,1107.8222046575097,1101.0,
TPRPEOFJLW,,1248.1719866340131,1243.5973214524563,,,,,1220.723995544671,1216.1493303631141,,,
IRHDEOFQRB,1106.7794275501583,1098.4014847951426,,,1073.2676565300949,,,,,,,1014.6220572449841
CVHNHQQPMM,,,,,,,1511.5661554140506,,1472.2830777070253,,,
AVMUHBDUXG,1036.3837066231183,,,984.9685946361827,,950.6918533115592,,,,882.1383706623118,,
JCHRVUXKYZ,,,,,5786.613952056618,5776.178293380514,5765.742634704412,,,,5724.0,5713.564341323897
ONVNFBJUMU,,714.0552597900268,698.4935642578016,,,651.808477661126,,,605.1233910644504,,,
HMXPSMIWWV,1164.8870796399215,1151.8983716759294,,,,,1086.9548318559687,1073.9661238919764,,,1035.0,1022.0112920360078
YVOVIQELIO,,,,966.8198252588692,965.9884216504593,,,,,961.8314036084099,,
RDDESKEKAA,,,,,,,1358.2261449320388,,,,,
XJYCURPGZY,847.186897733887,,,,,,827.2747590935547,,,,,810.6813102266113
NWBEVGTJCJ,843.2557183842182,,,,,,,,,,717.0,704.3744281615782
QOPIRUTKGB,,960.8595895117618,,,,,954.2709286718941,,,,,947.6822678320265
SKUEJFMMIS,,,,,,,,1204.1259392296909,,,,
UTFSYPPPOW,,1084.1011456606482,,,,,,,,1047.5667939622942,,
UJKAXDLOCS,,,804.8203862912453,,780.615289718434,,,744.307644859217,732.2050965728113,720.1025482864056,708.0,
TEIFHTJEEE,,1271.7911304113036,,,1237.8607536075356,,,,1192.620251202512,,,
CYLHQDLKPY,,1020.6633440405622,,984.5159342537705,966.4422293603748,948.368524466979,930.2948195735831,,,876.0737048933958,858.0,839.9262951066042
AGHIVSMMPJ,,867.743807097861,,,817.495871398574,800.7465594988116,,,750.4986237995247,,717.0,700.2506881002377
LQCDIYOCAV,,1140.0884638577452,,,,,,,,,,
IJIRPMOUQU,,,,,,,831.4008642496831,,,,,
JWREXVNMJU,,,,,892.6532705613513,885.711058801126,,871.8266352806756,,,,844.0577882397748
BYKKOLGDPS,848.2908716695994,841.3617845026394,,827.5036101687195,,,,,,,779.0,
TGVPMWZWFG,,,,,,,,748.9615048470719,,,,
YFSCDRXOEO,,,,,,,,,,,,
HUZARWTGHB,,1020.8818571494082,,,,,,967.6272857164694,958.7515238109796,,941.0,932.1242380945102
BBCITEMJKS,723.8489849403705,,,,,711.9244924701852,709.5395939761482,,,,,
SNJMQZVRIU,,,,,,,,,,,,841.4064159306024
DAKLLZZBMS,,,,,,,,,,,862.0,
HMTSSMCCXP,,,,,,,1153.3520419518566,,,,1096.0,
RWAHEQZVBI,,,,1120.4107582298727,1103.9235070541765,,,,,,1005.0,
WRICLJVKCV,1333.5027984297378,,,1275.4519589008164,1256.1016790578426,,,,,1159.3502798429738,,
DJJTASJNVW,700.4533417355848,,692.5626733884678,688.6173392149094,,680.7266708677924,676.7813366942339,,668.890668347117,,,
JGKAHTSPHT,1246.623438499258,,,,1173.974063099555,,,,1101.3246876998517,,,
ZYQWNUZNWM,894.3752975219187,,,,,,,883.6125892565756,,880.5375297521919,,
TSRKTOFXMX,,,,,,,844.4908121451126,831.6181091088345,,,,
BSISPVWHGL,,,,,,,,,,,,
CCKCUFVTOA,,1173.5628068591523,1156.8336060970244,,,1106.6460038106402,1089.916803048512,,1056.458401524256,1039.7292007621281,,
POSKTSUDWN,,,856.352944649081,,,,851.6764723245404,,,848.1691180811351,847.0,
KQBJZHLIEJ,,,,,,,,,,4045.7227151690067,4032.0,
XGGIGTTUNT,,,,,,801.1168226281695,,,748.2467290512678,,,
NJBLQHBLZV,,902.8609136650595,,,,,,,,,724.0,
LYJGQUDERJ,,939.9932075105745,,929.1058280637801,,,912.7747588935887,,901.8873794467943,,,
PWDXTLYIVX,,,706.6537377504351,699.3220205316306,691.9903033128263,,677.3268688752175,,,655.3317172188043,,640.6682827811957
LOYKSWBMRJ,964.824872813757,,,,,,922.9299491255028,,,,,
XSAUJWLUCV,,,,,,,,,681.8421913646779,,669.0,
DAZATLZYEN,852.955631947807,843.1600687530263,,,,,794.1822527791228,,,,,745.2044368052193
KBWHGRFZHH,,,,,,,3942.797845694408,,3935.398922847204,,,3924.300538576398
ZTQRDXRYCZ,,1003.2201225084183,,,,,,989.7400408361394,,985.2466802787131,,
SAGAZPAVFS,1019.1651715085992,,,,,,,,,,,
PDLDPLWYLJ,776.5048717514215,,,761.6534102259951,,,,741.8514615254264,736.9009743502843,,727.0,
JZKXRACXID,,,937.0319678543849,919.0279718725868,901.0239758907887,,,847.0119879453944,,,793.0,774.9960040182019
BIQFZSHSUC,,,,,,,970.0204073989822,,940.0102036994912,,910.0,
HUOSYXQDEW,1671.7913893412128,,,1619.053972538849,,,1566.316555736485,,,,,
XMLQUYCACH,1218.0393181153024,,,,1141.2235908691814,1122.0196590576513,,1083.6117954345907,,1045.2039318115303,,1006.7960681884698
PZFOVANLWO,,,,,,1047.749392532456,,,,,1004.0,
XTVWJCLKCU,,,907.9744482977148,905.8526422605005,,901.6090301860718,899.4872241488574,,895.2436120744287,893.1218060372144,,888.8781939627856
TRERZTSBRC,,,1077.6651685461504,,,,,,,,,992.5418539317312
FDWDCETYXW,,,,,,,990.4064564162322,,,,,
SWQEMCUPHY,,,709.9370138458729,,,,,,651.4842534614683,,,622.2578732692659
QYDUCZXQZS,,,885.4752633136459,,,,864.7376316568229,,,849.1844079142057,,838.8155920857943
VQPDPDBYWQ,,,,792.3978416578192,774.9124357067021,,739.9416238044681,,,,670.0,
WHTHOUTPVR,864.8241573227375,,856.25932585819,,,,,,830.5648314645475,,,
AQDQIJOZDM,,,,,,,,,,,,943.224756181209
UBIPHLWSXG,1540.4082781738684,,,1485.685794721708,,,,1412.7224834521605,,,,1339.7591721826132
CRACCEMJJL,765.1152912572882,752.8037621315593,740.4922330058305,,,,,,666.6230582514577,654.3115291257288,642.0,
HWLBWJRPND,,,,,,,,1002.8599212066999,995.5732808044667,,,973.7133595977667
XUZGCTYYNM,,,,,4350.819169385394,,,,,4325.136528230899,,
HBYXTYOQKP,,,1090.0606917567038,,1061.5455188175279,,,,,990.257586469588,,
KZGAIDAWHH,1000.208816129116,,970.9670529032928,,941.7252896774696,927.104408064558,912.4835264516464,,,868.6208816129116,,
XGDUIUNAPA,,,,,813.6568803352545,805.2140669460455,796.7712535568364,,,771.442813389209,763.0,
DRUTDGEDPW,,,,,,,,,,,897.0,
ISDJBFQVXO,,1218.4063906728984,,,,,,,,,,
XOHJGYCYRB,,,,,,,,,,1241.0004855640364,,
OUYORPMKIY,,,940.4086914062285,931.73260498045,923.0565185546714,,,897.0282592773357,,,871.0,862.3239135742215
GEANXGQZAH,,,,,,,,,,,,
KIWKJIKDVN,,,,,,999.6461957098733,,984.187717425924,,,,953.2707608580254
MCHSRVFXNE,,605.3343958237381,,,,,,,555.2965324052751,,,
JOVIKEYUPC,893.0914210331761,881.3822789298584,,,,,,811.1274263099529,,,,764.2908578966824
KXHPVIAWQF,700.4691783505508,692.6222605154957,,676.9284248453855,669.0815070103305,,653.3876713402203,,,,622.0,614.153082164945
ANAIUHIJBR,,,,1076.173253962378,,1052.980895687413,1041.3847165499303,1029.7885374124478,1018.1923582749652,1006.5961791374826,,
KTUUNAQJVY,,,,,,,,,,1019.5425994769746,,
UGREFZUDQW,,855.39373515665,,,838.5958234377667,,,821.7979117188834,,,,799.4006960937055
HRMRJVCUSH,,,,1022.9988246240912,1018.713278249221,1014.4277318743508,,1005.8566391246105,,,,988.7144536251299
MJDMVJNUDW,,,,,,,1056.0756365781945,,,,,
SFSWWGSZVC,,629.6211891803584,,618.816480473612,,608.0117717668658,,597.2070630601195,,,,575.5976456466268
SVLYXXDLYB,,,1382.447935479222,,,,1336.723967739611,,,,,
QNHOTXGEQB,,,1335.5060527833703,,1334.8795395875277,1334.5662829896064,,,1333.6265131958426,,,
JQTUTESBAK,,,,,,,,,772.120706691838,754.560353345919,,
IONVALMUBU,,,,912.0719492421706,,,,,,,797.0,
LTWNBYZBPW,1112.5758968631455,,,,1103.1455381178873,1100.7879484315729,,,1093.715179372629,,,1086.6424103136853
IMVRXOCRTT,,,,,,,1045.3187471485032,1041.4890603613774,,,1030.0,
KMNJBLKLZT,,817.2516233842919,,,,,808.7784992819076,,,,,
VCKZDGWULX,,,1005.0638254531999,,,997.16489090825,,,,,,
JTDPVONHKN,1184.2768822532744,1183.249194027947,,1181.193817577292,,1179.1384411266372,,,,1175.0276882253274,,
YJPBUIADWK,757.8977885944033,743.508009734963,,,,685.9488942972016,671.5591154377613,,642.7795577188807,628.3897788594403,614.0,
JEORTAABCA,1212.5072367714859,,,,,1158.253618385743,,,1125.7014473542972,1114.8507236771486,,
RDJDVCJGOV,,,1192.9748994698105,,,,,1102.365587301179,1084.2437248674526,1066.1218624337264,,1029.8781375662736
UPUODTDRTR,991.7820952078682,,,941.1474666455077,,,890.5128380831472,873.6346285623605,856.7564190415736,,,
ABBZSELACU,,,,,,,,,,,,
ZTMHUOWNUR,,,,,,,,,,,,
MLCQFMQEYH,1137.3274049086435,,,,,,,,,,,
RBPYVENDKU,,,,,,,,,,,,
CYJYSHDKSS,,,,,,846.2421497797312,,,,,,
KDCSWCBGKY,,,741.0116883448609,,712.5087662586457,,,669.7543831293228,,,,
QOZHRAYMMR,,,,,1101.151081965295,,,,,,,1001.8081530057842
UBYXCBWXLC,1034.3658950737947,,,,,960.6829475368974,,,916.4731790147589,901.7365895073794,,
GNIXOOFSFT,,,652.5546433210802,642.4853129059452,,,,602.2079912454051,,,572.0,
